date,pm25,pm10,o3,no2,so2,co
2026/1/1, 46, , , 9, 2, 4
2026/1/2, 41, , , 13, 2, 5
2026/1/3, 39, , , 13, 2, 5
2026/1/4, 59, , , 14, 2, 5
2026/1/5, 75, , , 12, 2, 5
2026/1/6, 88, , , 10, 2, 5
2026/1/7, 93, , , 11, 2, 6
2026/1/8, 86, , , 26, 2, 8
2026/1/9, 98, , , 15, 2, 8
2026/1/10, 130, , , 10, 1, 6
2026/1/11, 81, , , 20, 2, 8
2026/1/12, 76, , , 31, 3, 10
2026/1/13, 111, , , 25, 4, 8
2026/1/14, 106, , , 32, 3, 13
2026/1/15, 169, , , 19, 3, 12
2026/1/16, 130, , , 7, 5, 6
2026/1/17, 52, , , 5, 4, 6
2026/1/18, 71, , , 7, 10, 6
2026/1/19, 67, , , 9, 4, 7
2026/1/20, 95, , , , , 
2025/10/1, 50, 14, , 6, 3, 2
2025/10/2, 40, 16, , 13, 3, 3
2025/10/3, 49, 18, , 7, 3, 3
2025/10/4, 57, 12, , 12, 3, 3
2025/10/5, 43, 8, , 9, 2, 3
2025/10/6, 27, 10, , 10, 3, 3
2025/10/7, 31, 18, , 15, 3, 4
2025/10/8, 48, 17, , 11, 3, 4
2025/10/9, 55, 13, , 10, 3, 4
2025/10/10, 37, 12, , 9, 3, 3
2025/10/11, 35, 13, , 11, 2, 4
2025/10/12, 44, 16, , 11, 3, 4
2025/10/13, 52, 22, , 15, 3, 4
2025/10/14, 49, 27, , 21, 3, 5
2025/10/15, 60, 22, , 12, 4, 4
2025/10/16, 61, 31, , 13, 6, 5
2025/10/17, 85, 36, , 16, 4, 5
2025/10/18, 83, 18, , 21, 4, 7
2025/10/19, 42, 24, , 15, 5, 5
2025/10/20, 64, 23, , 10, 6, 5
2025/10/21, 62, 28, , 20, 9, 6
2025/10/22, 67, 29, , 16, 4, 6
2025/10/23, 58, 7, , 21, 2, 5
2025/10/24, 18, 10, , 12, 3, 4
2025/10/25, 23, 8, 4, 12, 2, 4
2025/10/26, 31, 11, , 11, 2, 5
2025/10/27, 29, 12, , 10, 2, 4
2025/10/28, 25, 29, , 24, 4, 7
2025/10/29, 44, 39, , 27, 5, 8
2025/10/30, 61, 31, , 19, 3, 6
2025/10/31, 64, 34, , 17, 4, 6
2025/11/1, 74, 36, , 19, 4, 6
2025/11/2, 76, 22, , 15, 2, 6
2025/11/3, 51, 24, , 13, 2, 5
2025/11/4, 50, 39, , 13, 2, 7
2025/11/5, 85, 24, , 16, 2, 8
2025/11/6, 71, 12, , 9, 1, 5
2025/11/7, 38, 10, , 8, 2, 6
2025/11/8, 37, 18, , 8, 1, 6
2025/11/9, 61, 22, , 11, 1, 6
2025/11/10, 70, 31, , 12, 1, 7
2025/11/11, 82, 35, , 16, 1, 7
2025/11/12, 89, 40, , 17, 3, 9
2025/11/13, 97, 44, , 18, 4, 9
2025/11/14, 100, 59, , 21, 4, 12
2025/11/15, 117, 60, , 26, 6, 9
2025/11/16, 86, 45, , 11, 4, 6
2025/11/17, 65, 19, , , , 
2025/11/18, 50, 20, , 7, 1, 1
2025/11/19, 64, 33, , 17, 5, 3
2025/11/20, 77, 14, , 10, 2, 1
2025/11/21, 51, 12, , 8, 1, 1
2025/11/22, 50, 20, , 5, 1, 1
2025/11/23, 67, 21, , 17, 4, 2
2025/11/24, 58, 13, , 9, 2, 1
2025/11/25, 31, 19, , 9, 2, 2
2025/11/26, 51, 26, , 10, 2, 3
2025/11/27, 75, 21, , 17, 2, 3
2025/11/28, 67, 24, , 12, 2, 2
2025/11/29, 80, 37, , 12, 2, 4
2025/11/30, 99, 52, , 18, 3, 6
2025/12/1, 122, 40, , 13, 2, 4
2025/12/2, 105, 24, , , , 
2025/12/3, 71, , , , , 
2025/12/5, 41, , , 7, 5, 1
2025/12/6, 24, , , 10, 4, 2
2025/12/7, 42, , , 17, 3, 4
2025/12/8, 76, , , 20, 11, 6
2025/12/9, 112, , , 24, 5, 10
2025/12/10, 131, , , 10, 2, 5
2025/12/11, 77, , , 10, 2, 4
2025/12/12, 77, , , 10, 2, 3
2025/12/13, 72, , , 10, 2, 3
2025/12/14, 71, , , 9, 2, 3
2025/12/15, 89, , , 12, 2, 4
2025/12/16, 102, , , 16, 3, 8
2025/12/17, 132, , , 24, 5, 12
2025/12/18, 165, , , 24, 5, 11
2025/12/19, 161, , , , , 
2025/12/21, 103, , , 8, 3, 3
2025/12/22, 77, , , 9, 3, 4
2025/12/23, 76, , , 7, 2, 4
2025/12/24, 59, , , 4, 3, 3
2025/12/25, 19, , , 11, 4, 4
2025/12/26, 64, , , 10, 2, 4
2025/12/27, 71, , , 7, 2, 3
2025/12/28, 44, , , , , 
2025/7/1, 33, 25, , 18, 2, 2
2025/7/2, 32, 26, , 19, 2, 3
2025/7/3, 30, 31, , 19, 2, 2
2025/7/4, 39, 25, , 7, 2, 2
2025/7/5, 36, 26, , 15, 4, 3
2025/7/6, 46, 31, , 11, 3, 3
2025/7/7, 50, 16, , 9, 4, 2
2025/7/8, 38, 8, , 9, 2, 2
2025/7/9, 28, 12, , 10, 2, 2
2025/7/10, 26, 14, , 13, 2, 2
2025/7/11, 31, 17, , 14, 2, 2
2025/7/12, 34, 18, , 13, 3, 2
2025/7/13, 38, 17, , 15, 2, 2
2025/7/14, 31, 15, , 11, 2, 2
2025/7/15, 28, 21, , 9, 2, 2
2025/7/16, 40, 14, , 14, 1, 2
2025/7/17, 36, 13, , 10, 1, 2
2025/7/18, 27, 12, , 13, 2, 2
2025/7/19, 28, 16, , 20, 3, 3
2025/7/20, 37, 19, , 17, 6, 3
2025/7/21, 40, 13, , 12, 2, 2
2025/7/22, 21, 17, , 15, 2, 2
2025/7/23, 21, 22, , 21, 2, 3
2025/7/24, 31, 21, , 11, 2, 2
2025/7/25, 38, 28, , 15, 4, 3
2025/7/26, 53, 12, , 6, 2, 2
2025/7/27, 34, 13, , 10, 2, 2
2025/7/28, 31, 15, , 10, 2, 2
2025/7/29, 35, 15, , 7, 2, 2
2025/7/30, 38, 16, , 15, 2, 3
2025/7/31, 30, 14, , 13, 2, 2
2025/8/1, 28, 16, , 14, 3, 3
2025/8/2, 35, 12, , 7, 2, 2
2025/8/3, 33, 12, , 7, 2, 2
2025/8/4, 32, 13, , 9, 2, 2
2025/8/5, 32, 20, , 12, 2, 2
2025/8/6, 29, 21, , 8, 2, 2
2025/8/7, 34, 25, , , , 
2025/8/8, 42, 28, , 17, 3, 3
2025/8/9, 43, 24, , 22, 3, 3
2025/8/10, 42, 26, , 11, 2, 2
2025/8/11, 42, 24, , 10, 3, 2
2025/8/12, 35, 28, , 12, 2, 3
2025/8/13, 44, 31, , 9, 3, 3
2025/8/14, 43, 30, , 15, 3, 3
2025/8/15, 42, 32, , 26, 3, 3
2025/8/16, 47, 23, , 8, 2, 3
2025/8/17, 53, 21, , 10, 2, 3
2025/8/18, 49, 22, , 17, 2, 3
2025/8/19, 39, 21, , 18, 4, 3
2025/8/20, 43, 28, , 20, 3, 3
2025/8/21, 53, 14, , 11, 2, 3
2025/8/22, 38, 15, , 9, 2, 3
2025/8/23, 29, 8, , 9, 2, 2
2025/8/24, 17, 16, , 22, 2, 4
2025/8/25, 22, 21, , 18, 4, 4
2025/8/26, 32, 20, , 18, 4, 4
2025/8/27, 31, 21, , 8, 4, 3
2025/8/28, 27, 31, , 5, 4, 3
2025/8/29, 31, 23, , 9, 2, 3
2025/8/30, 45, 9, , 7, 2, 3
2025/8/31, 29, 12, , 9, 2, 3
2025/9/1, 26, 19, , 20, 4, 4
2025/9/2, 30, 13, , 10, 2, 3
2025/9/3, 24, 24, , 11, 2, 4
2025/9/4, 52, 36, , 18, 4, 4
2025/9/5, 60, 22, , 13, 3, 4
2025/9/6, 36, 16, , 9, 2, 3
2025/9/7, 26, 30, , 21, 3, 4
2025/9/8, 41, 35, , 16, 3, 4
2025/9/9, 58, 27, , 14, 2, 4
2025/9/10, 60, 15, , 13, 3, 4
2025/9/11, 42, 23, , 13, 3, 4
2025/9/12, 54, 18, , 13, 2, 4
2025/9/13, 46, 16, , 8, 4, 3
2025/9/14, 41, 16, , 9, 3, 3
2025/9/15, 41, 22, , 14, 3, 4
2025/9/16, 40, 10, , 11, 2, 2
2025/9/17, 20, 14, , 15, 2, 1
2025/9/18, 25, 18, , 19, 3, 2
2025/9/19, 33, 20, , 24, 3, 3
2025/9/20, 34, 13, , 7, 3, 1
2025/9/21, 25, 16, , 13, 6, 2
2025/9/22, 23, 26, , 24, 5, 2
2025/9/23, 34, 29, , 11, 3, 2
2025/9/24, 55, 19, , 7, 3, 2
2025/9/25, 43, 23, , 4, 3, 1
2025/9/26, 30, 12, , 3, 3, 1
2025/9/27, 24, 21, , 8, 3, 2
2025/9/28, 52, 23, , 16, 3, 3
2025/9/29, 57, 21, , 16, 3, 3
2025/9/30, 45, 20, , 17, 3, 3
2025/4/1, 67, 24, , 11, 3, 1
2025/4/2, 59, 28, , 15, 3, 2
2025/4/3, 64, 30, , 16, 6, 2
2025/4/4, 67, 20, , 9, 5, 2
2025/4/5, 49, 19, , 5, 152, 1
2025/4/6, 31, 20, , 11, 4, 1
2025/4/7, 48, 19, , 15, 8, 2
2025/4/8, 53, 25, , 14, 9, 2
2025/4/9, 57, 33, , 9, 7, 2
2025/4/10, 54, 23, , 15, 3, 2
2025/4/11, 40, 16, , 7, 2, 1
2025/4/12, 44, 16, , , , 
2025/4/13, 37, 19, , , , 
2025/4/14, 52, 22, , 9, 5, 2
2025/4/15, 55, 25, , 9, 4, 1
2025/4/16, 53, 24, , 7, 2, 1
2025/4/17, 49, 9, , 7, 3, 1
2025/4/18, 23, 10, , 8, 2, 1
2025/4/19, 25, 15, , 13, 5, 1
2025/4/20, 43, 38, , 17, 2, 1
2025/4/21, 64, 42, , 16, 3, 1
2025/4/22, 68, 26, , 11, 5, 
2025/4/23, 56, 22, , 17, 4, 1
2025/4/24, 58, 21, , 13, 4, 
2025/4/25, 60, 20, , 8, 1, 
2025/4/26, 43, 16, , 3, 2, 
2025/4/27, 39, 16, , 5, 2, 
2025/4/28, 41, 21, , 12, 4, 
2025/4/29, 38, 30, , 24, 4, 2
2025/4/30, 55, 24, , 16, 3, 1
2025/5/1, 49, 26, , 15, 3, 2
2025/5/2, 49, 20, , 19, 4, 2
2025/5/3, 38, 19, , 11, 3, 1
2025/5/4, 39, 20, , 12, 2, 1
2025/5/5, 46, 17, , 10, 2, 1
2025/5/6, 50, 20, , 7, 2, 1
2025/5/7, 60, 17, , 11, 2, 1
2025/5/8, 57, 20, , 13, 2, 1
2025/5/9, 52, 26, , 19, 3, 2
2025/5/10, 57, 17, , 13, 3, 1
2025/5/11, 44, 18, , 15, 2, 1
2025/5/12, 51, 20, , 12, 3, 1
2025/5/13, 46, 20, , 17, 3, 2
2025/5/14, 44, 21, , 12, 13, 2
2025/5/15, 42, 10, , 11, 2, 1
2025/5/16, 25, 10, , 7, 3, 1
2025/5/17, 28, 7, , 8, 2, 2
2025/5/18, 21, 16, , 13, 3, 2
2025/5/19, 35, 15, , 11, 3, 2
2025/5/20, 35, 19, , 15, 5, 2
2025/5/21, 60, 19, , 14, 3, 2
2025/5/22, 52, 13, , 12, 2, 2
2025/5/23, 42, 9, , 5, 2, 1
2025/5/24, 25, 11, , 12, 2, 2
2025/5/25, 30, 13, , 15, 2, 2
2025/5/26, 31, 13, , 10, 2, 1
2025/5/27, 27, 14, , 12, 2, 2
2025/5/28, 33, 13, , 10, 2, 2
2025/5/29, 22, 11, , 17, 2, 2
2025/5/30, 23, 13, , 9, 1, 2
2025/5/31, 28, 13, , 15, 2, 2
2025/6/1, 31, 22, , 19, 2, 2
2025/6/2, 41, 20, , 14, 2, 2
2025/6/3, 36, 21, , 20, 2, 2
2025/6/4, 37, 26, , 21, 3, 2
2025/6/5, 45, 28, , 20, 2, 2
2025/6/6, 47, 27, , 13, 3, 2
2025/6/7, 52, 29, , 11, 4, 2
2025/6/8, 52, 23, , 9, 1, 2
2025/6/9, 46, 25, , 17, 2, 2
2025/6/10, 54, 29, , 13, 2, 2
2025/6/11, 60, 23, , 13, 2, 2
2025/6/12, 43, 25, , 14, 2, 2
2025/6/13, 43, 20, , 10, 2, 2
2025/6/14, 29, 18, , 13, 2, 2
2025/6/15, 37, 25, , 15, 2, 2
2025/6/16, 40, 14, , 10, 1, 2
2025/6/17, 30, 25, , 11, 2, 2
2025/6/18, 51, 24, , 15, 2, 2
2025/6/19, 48, 24, , 11, 2, 2
2025/6/20, 38, 20, , 9, 1, 2
2025/6/21, 28, 21, , 16, 1, 2
2025/6/22, 32, 26, , 23, 11, 3
2025/6/23, 37, 25, , 17, 2, 2
2025/6/24, 42, 24, , 24, 6, 3
2025/6/25, 52, 29, , 23, 2, 3
2025/6/26, 52, 23, , 16, 2, 3
2025/6/27, 40, 15, , 9, 1, 2
2025/6/28, 24, 14, , 9, 1, 2
2025/6/29, 27, 18, , 13, 1, 2
2025/6/30, 30, 26, , 15, 2, 2
2025/1/1, 116, 35, , 17, 4, 11
2025/1/2, 101, 12, , , 3, 6
2025/1/3, 49, 22, , , , 
2025/1/4, 70, 28, , 15, 4, 8
2025/1/5, 82, 14, , 8, 5, 4
2025/1/6, 45, 18, , 6, 5, 7
2025/1/7, 59, 34, , 24, 5, 8
2025/1/8, 91, 24, , 23, 4, 7
2025/1/9, 63, 6, , 12, 2, 5
2025/1/10, 25, 23, , 16, 3, 5
2025/1/11, 68, 19, , 5, 2, 6
2025/1/12, 66, 18, , 13, 1, 6
2025/1/13, 54, 34, , 15, 1, 7
2025/1/14, 91, 44, , 14, 3, 7
2025/1/15, 116, 31, , 12, , 
2025/1/16, 90, 27, , 18, 2, 7
2025/1/17, 82, 20, , 13, 3, 7
2025/1/18, 69, 15, , 9, 3, 6
2025/1/19, 58, 18, , 6, 4, 6
2025/1/20, 64, 35, , 9, 4, 7
2025/1/21, 99, 46, , 14, 8, 10
2025/1/22, 125, 49, , 25, 8, 9
2025/1/23, 113, 34, , 15, 6, 9
2025/1/24, 95, 45, , 17, 6, 10
2025/1/25, 115, 41, , 21, 9, 10
2025/1/26, 103, 46, , 25, 7, 8
2025/1/27, 74, 30, , 18, 6, 6
2025/1/28, 56, 35, , 23, 6, 8
2025/1/29, 59, 36, , 16, 7, 7
2025/1/30, 85, 49, , 19, 7, 8
2025/1/31, 107, 30, , 12, 4, 3
2025/2/1, 73, 39, , 11, 5, 3
2025/2/2, 106, 43, , 15, 5, 4
2025/2/3, 89, 54, , 21, 5, 6
2025/2/4, 118, 53, , 22, 4, 6
2025/2/5, 124, 58, , 17, 4, 5
2025/2/6, 138, 47, , 7, 6, 3
2025/2/7, 91, 26, , 4, 5, 3
2025/2/8, 72, 24, , 4, 5, 3
2025/2/9, 75, 27, , 11, 7, 4
2025/2/10, 75, 30, , 6, 6, 3
2025/2/11, 81, 29, , 6, 4, 3
2025/2/12, 79, 40, , 13, 7, 4
2025/2/13, 108, 40, , , , 
2025/2/14, 115, 29, , 11, 5, 3
2025/2/15, 75, 22, , 7, 5, 3
2025/2/16, 70, 39, , 11, 4, 4
2025/2/17, 86, 48, , 17, 5, 6
2025/2/18, 115, 51, , 20, 5, 6
2025/2/19, 113, 59, , 25, 5, 7
2025/2/20, 130, 47, , 19, 8, 6
2025/2/21, 121, 29, , 6, 5, 4
2025/2/22, 82, 35, , 10, 9, 5
2025/2/23, 93, 65, , 22, 8, 7
2025/2/24, 151, 57, , 16, 7, 7
2025/2/25, 139, 48, , 18, 12, 6
2025/2/26, 119, 57, , 17, 19, 6
2025/2/27, 133, 33, , 14, 5, 4
2025/2/28, 78, 40, , 16, 5, 4
2025/3/1, 90, 26, , 10, 4, 4
2025/3/2, 75, 37, , 18, 4, 4
2025/3/3, 82, 55, , 32, 7, 8
2025/3/4, 118, 60, , 27, 7, 10
2025/3/5, 128, 52, , 24, 9, 6
2025/3/6, 108, 80, , 34, 10, 8
2025/3/7, 150, 42, , 17, 9, 6
2025/3/8, 95, 38, , 18, 19, 5
2025/3/9, 85, 49, , 16, 8, 4
2025/3/10, 79, 18, , 18, 8, 5
2025/3/11, 50, 31, , 15, 10, 4
2025/3/12, 64, 16, , 10, 9, 3
2025/3/13, 30, 17, , 9, 10, 3
2025/3/14, 29, 21, , 10, 8, 3
2025/3/15, 64, 12, , 7, 7, 3
2025/3/16, 43, 17, , 13, 7, 3
2025/3/17, 51, 21, , 12, 4, 3
2025/3/18, 39, 25, , 20, 2, 3
2025/3/19, 56, 35, , 24, 5, 4
2025/3/20, 77, 52, , 28, 10, 4
2025/3/21, 86, 48, , 18, 12, 5
2025/3/22, 95, 27, , 10, 7, 2
2025/3/23, 62, 21, , 12, 7, 2
2025/3/24, 52, 23, , 16, 7, 2
2025/3/25, 54, 34, , 17, 6, 3
2025/3/26, 92, 14, , 9, 6, 1
2025/3/27, 53, 13, , 5, 7, 1
2025/3/28, 49, 12, , 6, 7, 1
2025/3/29, 42, 27, , 9, 6, 2
2025/3/30, 75, 24, , 10, 6, 1
2025/3/31, 65, 26, , 16, 3, 2
2024/10/1, 39, 15, , 10, 9, 3
2024/10/2, 43, 23, , 12, 6, 3
2024/10/3, 72, 12, , 10, 6, 4
2024/10/4, 46, 15, , 9, 5, 3
2024/10/5, 50, 15, , 5, 5, 3
2024/10/6, 53, 22, , 16, 5, 5
2024/10/7, 53, 18, , 15, 7, 4
2024/10/8, 46, 19, , 19, 4, 5
2024/10/9, 41, 18, , 18, 8, 4
2024/10/10, 39, 12, , 16, 3, 3
2024/10/11, 34, 16, , 12, 2, 3
2024/10/12, 46, 19, , 14, 3, 4
2024/10/13, 56, 12, , 11, 2, 3
2024/10/14, 30, 20, , 15, 3, 4
2024/10/15, 49, 17, , 10, 1, 3
2024/10/16, 53, 18, , 7, 3, 3
2024/10/17, 57, 16, , 4, 5, 3
2024/10/18, 37, 15, , 4, 8, 3
2024/10/19, 38, 17, , 8, 7, 4
2024/10/20, 44, 31, , 18, 5, 6
2024/10/21, 75, , , , , 
2024/10/26, 87, 41, 27, , , 
2024/10/27, 101, 37, , , , 
2024/10/28, 91, 43, , , , 
2024/10/29, 103, 50, , , , 
2024/10/30, 123, 32, , , , 
2024/10/31, 84, 33, , , , 
2024/11/1, 79, 40, , , , 
2024/11/2, 96, 20, , , , 
2024/11/3, 46, 39, , 18, 3, 7
2024/11/4, 92, 44, , 23, 4, 10
2024/11/5, 110, 42, , 18, 5, 10
2024/11/6, 97, 58, , 24, 4, 10
2024/11/7, 134, 74, , 28, 5, 11
2024/11/8, 164, 57, , 12, 2, 9
2024/11/9, 153, 55, , 13, 4, 8
2024/11/10, 142, 51, , 9, 2, 8
2024/11/11, 140, 40, , 12, 2, 8
2024/11/12, 113, 37, , 8, 2, 8
2024/11/13, 104, 26, , 11, 2, 7
2024/11/14, 75, 28, , 15, 3, 5
2024/11/15, 82, 41, , 12, 3, 6
2024/11/16, 114, 47, , 12, 3, 5
2024/11/17, 130, 46, , 18, 5, 8
2024/11/18, 127, 51, , 16, 7, 6
2024/11/19, 131, 15, , 13, 5, 3
2024/11/20, 36, 10, , 11, 4, 3
2024/11/21, 33, 8, , 14, 5, 3
2024/11/22, 31, 12, , 14, 2, 4
2024/11/23, 47, 26, , 16, 3, 4
2024/11/24, 55, 39, , 25, 7, 8
2024/11/25, 90, 32, , 21, 7, 7
2024/11/26, 77, 37, , 16, 3, 5
2024/11/27, 100, 47, , 14, 5, 5
2024/11/28, 124, 12, , 16, 3, 2
2024/11/29, 42, 28, , 7, 2, 2
2024/11/30, 84, 21, , 9, 2, 2
2024/12/1, 68, 19, , 9, 10, 2
2024/12/2, 61, 23, , 15, 4, 3
2024/12/3, 71, 31, , 18, 3, 4
2024/12/4, 90, 37, , 16, , 
2024/12/5, 101, 22, , 11, 16, 3
2024/12/6, 70, 28, , 14, 2, 4
2024/12/7, 78, 18, , 7, 5, 3
2024/12/8, 66, 30, , 12, 3, 4
2024/12/9, 80, 27, , 11, 2, 5
2024/12/10, 79, 18, , 8, 1, 4
2024/12/11, 60, 27, , 7, , 3
2024/12/12, 76, 26, , 16, 2, 4
2024/12/13, 75, 30, , 11, 3, 5
2024/12/14, 89, 25, , 7, 2, 5
2024/12/15, 77, 22, , 20, 2, 5
2024/12/16, 58, 38, , 26, 6, 9
2024/12/17, 90, 32, , 22, 4, 10
2024/12/18, 88, 48, , 22, 7, 16
2024/12/19, 120, 15, , 16, 4, 5
2024/12/20, 55, 11, , 10, 2, 4
2024/12/21, 42, 18, , 16, 10, 5
2024/12/22, 54, 14, , 10, 4, 4
2024/12/23, 54, 9, , 17, 3, 5
2024/12/24, 37, 10, , 20, 2, 7
2024/12/25, 40, 20, , 14, 1, 5
2024/12/26, 65, 35, , 15, 1, 6
2024/12/27, 103, 47, , 16, 2, 8
2024/12/28, 125, 57, , 19, 2, 10
2024/12/29, 153, , , , , 
2024/7/1, 34, 11, , 11, 8, 2
2024/7/2, 28, 11, , 10, 8, 2
2024/7/3, 24, 13, , 10, 7, 2
2024/7/4, 31, 10, , 10, 7, 2
2024/7/5, 16, 10, , 8, 9, 2
2024/7/6, 19, 13, , 10, 8, 2
2024/7/7, 36, 18, , 12, 8, 2
2024/7/8, 43, 20, , 13, 7, 2
2024/7/9, 43, 23, , 14, 9, 3
2024/7/10, 44, 24, , 15, 8, 3
2024/7/11, 44, 22, , 8, , 2
2024/7/12, 43, 25, , 11, , 2
2024/7/13, 54, 25, , 9, , 2
2024/7/14, 58, 24, , 12, , 2
2024/7/15, 62, 27, , 14, , 2
2024/7/16, 52, 26, , 12, , 3
2024/7/17, 62, 20, , 8, , 2
2024/7/18, 50, 15, , 7, , 2
2024/7/19, 34, 13, , 5, 2, 2
2024/7/20, 36, 12, , 6, 4, 2
2024/7/21, 45, 12, , 11, 5, 2
2024/7/22, 36, 16, , 8, 5, 2
2024/7/23, 44, 15, , 11, 5, 2
2024/7/24, 35, 13, , 9, 4, 2
2024/7/25, 21, 18, , 12, 3, 2
2024/7/26, 32, 13, , 10, 3, 2
2024/7/27, 23, 14, , 11, 7, 2
2024/7/28, 26, 14, , 10, 2, 2
2024/7/29, 20, 15, , 11, 2, 2
2024/7/30, 24, 17, , 12, 3, 3
2024/7/31, 26, 17, , 14, 4, 3
2024/8/1, 26, 18, , 15, 4, 3
2024/8/2, 37, 13, , 7, 4, 3
2024/8/3, 24, 8, , 6, 4, 3
2024/8/4, 19, 11, , 9, 3, 3
2024/8/5, 28, 9, , 8, 4, 3
2024/8/6, 20, 8, , 9, 3, 3
2024/8/7, 18, 24, , 16, 4, 3
2024/8/8, 32, 22, , 11, 4, 3
2024/8/9, 33, 24, , 12, 3, 3
2024/8/10, 36, 22, , 14, 4, 3
2024/8/11, 36, 30, , 18, 4, 4
2024/8/12, 39, 35, , 22, 5, 4
2024/8/13, 40, 35, , 9, 5, 3
2024/8/14, 48, 37, , 17, 5, 4
2024/8/15, 54, 41, , 20, 5, 4
2024/8/16, 62, 37, , 15, 5, 4
2024/8/17, 52, 33, , 5, 13, 4
2024/8/18, 58, 36, , 12, 7, 4
2024/8/19, 59, 27, , 11, 7, 4
2024/8/20, 46, 37, , 18, 7, 4
2024/8/21, 53, 27, , 8, 5, 4
2024/8/22, 52, 24, , 9, 5, 4
2024/8/23, 40, 32, , 11, 5, 4
2024/8/24, 42, 35, , 17, 6, 4
2024/8/25, 51, 46, , 19, 6, 5
2024/8/26, 60, 47, , 10, 6, 4
2024/8/27, 65, 45, , 17, 3, 5
2024/8/28, 67, 58, , 17, 3, 5
2024/8/29, 67, 44, , 16, 3, 4
2024/8/30, 56, 56, , 20, 3, 5
2024/8/31, 66, 45, , 14, 3, 5
2024/9/1, 59, 56, , 23, 4, 5
2024/9/2, 65, 61, , 28, 4, 6
2024/9/3, 73, 63, , 25, 4, 5
2024/9/4, 73, 61, , 15, 7, 5
2024/9/5, 78, 43, , 13, 7, 5
2024/9/6, 70, 26, , 6, 3, 4
2024/9/7, 59, 31, , 4, 4, 4
2024/9/8, 51, 38, , 8, 7, 4
2024/9/9, 57, 21, , 13, 5, 5
2024/9/10, 56, 18, , 12, 5, 4
2024/9/11, 47, 20, , 15, 11, 5
2024/9/12, 42, 9, , 8, 5, 4
2024/9/13, 26, 4, , 7, 4, 4
2024/9/14, 15, 2, , 4, 5, 4
2024/9/15, 10, 6, , 10, 5, 5
2024/9/16, 24, 17, , 10, 3, 3
2024/9/17, 44, 31, , 15, 4, 2
2024/9/18, 62, 36, , 12, 5, 2
2024/9/19, 72, 28, , 12, 7, 2
2024/9/20, 49, 33, , 22, 5, 3
2024/9/21, 63, 37, , 16, 5, 4
2024/9/22, 75, 34, , 23, 7, 4
2024/9/23, 74, 24, , 22, 8, 3
2024/9/24, 57, 26, , 28, 5, 4
2024/9/25, 52, 21, , 17, 6, 3
2024/9/26, 52, 20, , 19, 7, 3
2024/9/27, 48, 18, , 11, 5, 2
2024/9/28, 43, 7, , 6, 4, 2
2024/9/29, 23, 13, , 13, 4, 3
2024/9/30, 33, 14, , 11, 5, 3
2024/4/1, 80, 11, , 8, 5, 2
2024/4/2, 15, 9, , 15, 7, 3
2024/4/3, 21, 11, , 13, 3, 2
2024/4/4, 17, 16, , 19, 2, 3
2024/4/5, 28, 22, , 19, 3, 4
2024/4/6, 38, 14, , 14, 3, 3
2024/4/7, 32, 14, , 6, 4, 2
2024/4/8, 20, 18, , 10, 7, 2
2024/4/9, 25, 26, , 11, 4, 2
2024/4/10, 36, 26, , 11, 3, 2
2024/4/11, 50, 35, , 17, 3, 3
2024/4/12, 65, 26, , 15, 3, 3
2024/4/13, 46, 16, , 14, 4, 2
2024/4/14, 33, 28, , 18, 6, 3
2024/4/15, 44, 27, , 12, 6, 2
2024/4/16, 41, 6, , 11, 5, 2
2024/4/17, 21, 16, , 13, 5, 3
2024/4/18, 50, 15, , 16, 5, 3
2024/4/19, 44, 14, , 14, 13, 3
2024/4/20, 40, 7, , 7, 5, 2
2024/4/21, 25, 13, , 8, 4, 3
2024/4/22, 46, 12, , 5, 5, 3
2024/4/23, 38, 13, , 8, 6, 3
2024/4/24, 47, 19, , 14, 6, 3
2024/4/25, 59, 18, , 14, 10, 3
2024/4/26, 57, 14, , 14, 7, 3
2024/4/27, 36, 10, , 5, 7, 3
2024/4/28, 29, 10, , 6, 6, 3
2024/4/29, 24, 18, , 4, 5, 3
2024/4/30, 28, 12, , 1, 6, 2
2024/5/1, 22, 10, , 3, 7, 2
2024/5/2, 27, 5, , 7, 7, 2
2024/5/3, 21, 10, , 7, 7, 2
2024/5/4, 34, 12, , 8, 12, 2
2024/5/5, 35, 9, , 10, 8, 2
2024/5/6, 27, 8, , 12, 7, 2
2024/5/7, 21, 13, , 11, 7, 2
2024/5/8, 39, 10, , 10, 3, 2
2024/5/9, 25, 11, , 9, 3, 2
2024/5/10, 30, 15, , 12, 3, 2
2024/5/11, 33, 13, , 11, 2, 2
2024/5/12, 36, 14, , 15, 3, 2
2024/5/13, 30, 16, , 14, 4, 2
2024/5/14, 39, 11, , 4, 4, 2
2024/5/15, 30, 13, , 2, 3, 2
2024/5/16, 27, 15, , 3, 4, 2
2024/5/17, 38, 13, , 11, 4, 2
2024/5/18, 33, 13, , 8, 5, 2
2024/5/19, 36, 10, , 4, 5, 2
2024/5/20, 33, 18, , 5, 5, 2
2024/5/21, 47, 12, , 10, 5, 2
2024/5/22, 34, 6, , 13, 4, 2
2024/5/23, 20, 9, , 12, 4, 2
2024/5/24, 26, 15, , 9, 6, 1
2024/5/25, 37, 14, , 5, 6, 1
2024/5/26, 30, 19, , 17, 6, 2
2024/5/27, 42, 13, , 10, 4, 1
2024/5/28, 31, 12, , 10, 4, 1
2024/5/29, 28, 11, , 9, 4, 1
2024/5/30, 27, 10, , 9, 8, 1
2024/5/31, 26, 8, , 8, 5, 1
2024/6/1, 18, 8, , 10, 4, 1
2024/6/2, 18, 9, , 13, 5, 1
2024/6/3, 29, 9, , 11, 4, 1
2024/6/4, 24, 14, , 16, 5, 2
2024/6/5, 38, 13, , 16, 5, 2
2024/6/6, 32, 18, , 20, 5, 2
2024/6/7, 36, 17, , 11, 5, 1
2024/6/8, 38, 16, , 6, 6, 1
2024/6/9, 42, 18, , 10, 8, 1
2024/6/10, 40, 13, , 13, 5, 2
2024/6/11, 40, 12, , 8, 5, 1
2024/6/12, 41, 12, , 10, 5, 1
2024/6/13, 42, 13, , 14, 5, 1
2024/6/14, 34, 11, , 11, 6, 1
2024/6/15, 28, 13, , 13, 6, 1
2024/6/16, 30, 14, , 13, 5, 2
2024/6/17, 38, 20, , 13, 9, 2
2024/6/18, 52, 23, , 20, 8, 2
2024/6/19, 50, 31, , 15, 6, 2
2024/6/20, 45, 35, , 12, 7, 2
2024/6/21, 59, 32, , 10, 9, 2
2024/6/22, 58, 12, , 4, 6, 1
2024/6/23, 32, 15, , 7, 6, 2
2024/6/24, 28, 17, , 8, 7, 2
2024/6/25, 42, 17, , 6, 7, 2
2024/6/26, 46, 13, , 12, 7, 2
2024/6/27, 41, 14, , 14, 6, 2
2024/6/28, 41, 14, , 13, 6, 2
2024/6/29, 41, 14, , 8, 8, 2
2024/6/30, 39, 14, , 10, 7, 2
2024/1/1, 64, 23, , 15, 6, 5
2024/1/2, 65, 10, , 14, 7, 4
2024/1/3, 36, 25, , 17, 8, 5
2024/1/4, 53, 33, , 23, 6, 6
2024/1/5, 79, 15, , 7, 8, 3
2024/1/6, 51, 14, , 4, 6, 3
2024/1/7, 55, 26, , 8, 3, 4
2024/1/8, 83, 27, , 13, 2, 5
2024/1/9, 86, 36, , 15, 3, 6
2024/1/10, 106, 41, , 19, 3, 7
2024/1/11, 121, 36, , 14, 3, 6
2024/1/12, 109, 31, , 17, 4, 6
2024/1/13, 91, 46, , 26, 6, 9
2024/1/14, 125, 22, , 23, 6, 7
2024/1/15, 70, 17, , 18, 5, 6
2024/1/16, 58, 22, , 18, 7, 6
2024/1/17, 65, 22, , 18, 9, 6
2024/1/18, 55, 14, , 12, 5, 5
2024/1/19, 54, 21, , 14, 2, 5
2024/1/20, 66, 32, , 16, 2, 7
2024/1/21, 88, 35, , 17, 4, 7
2024/1/22, 104, 30, , 20, 3, 8
2024/1/23, 95, 34, , 23, 5, 8
2024/1/24, 76, 25, , 15, 5, 6
2024/1/25, 63, 20, , 14, 3, 5
2024/1/26, 46, 13, 27, 8, 3, 5
2024/1/27, 32, 24, 19, 13, 2, 6
2024/1/28, 67, 45, , 24, 3, 11
2024/1/29, 101, 33, , 15, 7, 8
2024/1/30, 93, 54, , 25, 7, 10
2024/1/31, 122, 69, , 31, 9, 14
2024/2/1, 150, 27, , 14, 4, 6
2024/2/2, 67, 23, , 13, 5, 6
2024/2/3, 60, 28, , 16, 5, 7
2024/2/4, 66, 38, , 20, 6, 8
2024/2/5, 88, 25, , 12, 5, 6
2024/2/6, 61, 24, , 15, 6, 4
2024/2/7, 62, 24, , 17, 7, 3
2024/2/8, 56, 20, , 11, 10, 2
2024/2/9, 50, 20, , 8, 7, 2
2024/2/10, 46, 17, , 7, 9, 2
2024/2/11, 37, 12, , 10, 6, 3
2024/2/12, 45, 15, , 9, 5, 2
2024/2/13, 49, 27, , 16, 4, 4
2024/2/14, 71, 37, , 22, 5, 6
2024/2/15, 88, 30, , 16, 5, 4
2024/2/16, 86, 32, , 13, 6, 4
2024/2/17, 85, 33, , 14, 4, 4
2024/2/18, 90, 36, , 21, 5, 6
2024/2/19, 94, 22, , 15, 4, 3
2024/2/20, 61, 16, , 15, 4, 3
2024/2/21, 47, 17, , 14, 9, 3
2024/2/22, 46, 14, , 11, 8, 3
2024/2/23, 42, 12, , 12, 6, 3
2024/2/24, 32, 17, , 10, 4, 3
2024/2/25, 48, 21, , 12, 8, 3
2024/2/26, 59, 21, , 6, 8, 2
2024/2/27, 63, 21, , 9, 13, 3
2024/2/28, 60, 26, , 7, 6, 3
2024/2/29, 70, 21, , 5, 6, 3
2024/3/1, 60, 18, , 6, 6, 3
2024/3/2, 61, 16, , 9, 7, 3
2024/3/3, 51, 21, , 7, 9, 3
2024/3/4, 62, 37, , 17, 5, 4
2024/3/5, 91, 32, , 13, 2, 4
2024/3/6, 84, 17, , 8, 2, 3
2024/3/7, 63, 23, , 10, 3, 3
2024/3/8, 74, 18, , 5, 5, 3
2024/3/9, 63, 17, , 5, 6, 2
2024/3/10, 41, 17, , 7, 6, 2
2024/3/11, 42, 7, , 12, 2, 3
2024/3/12, 21, 20, , 11, 2, 3
2024/3/13, 61, 24, , 17, 3, 3
2024/3/14, 67, 21, , 15, 4, 2
2024/3/15, 61, 30, , 16, 6, 3
2024/3/16, 81, 19, , 14, 3, 3
2024/3/17, 55, 17, , 15, 3, 2
2024/3/18, 49, 21, , 12, 2, 3
2024/3/19, 57, 25, , 19, 2, 4
2024/3/20, 63, 39, , 25, 5, 5
2024/3/21, 87, 36, , 22, 3, 4
2024/3/22, 82, 28, , 15, 9, 3
2024/3/23, 60, 9, , 8, 4, 2
2024/3/24, 29, 15, , 14, 4, 3
2024/3/25, 39, 11, , 7, 7, 2
2024/3/26, 31, 18, , 4, 6, 2
2024/3/27, 43, 9, , 4, 5, 2
2024/3/28, 21, 13, , 13, 5, 2
2024/3/29, 25, 19, , 17, 6, 3
2024/3/30, 35, 43, , 7, 5, 2
2024/3/31, 56, 65, , 10, 6, 2
2023/10/1, 40, 12, , 14, 2, 2
2023/10/2, 34, 12, , 15, 9, 3
2023/10/3, 36, 23, , 18, 3, 3
2023/10/4, 43, 23, , 20, 3, 3
2023/10/5, 36, 28, , 23, 3, 3
2023/10/6, 47, 24, , 24, 3, 4
2023/10/7, 49, 27, , 6, 3, 2
2023/10/8, 40, 26, , 16, 5, 3
2023/10/9, 45, 21, , 12, 3, 3
2023/10/10, 45, 15, , 9, 3, 3
2023/10/11, 43, 30, , 26, 11, 4
2023/10/12, 59, 38, , 25, 5, 5
2023/10/13, 82, 38, , 22, 5, 4
2023/10/14, 90, 13, , 8, 4, 3
2023/10/15, 38, 12, , 13, 3, 4
2023/10/16, 34, 22, , 17, 4, 5
2023/10/17, 60, 35, , 21, 9, 7
2023/10/18, 88, 19, , 13, 11, 4
2023/10/19, 54, 33, , 8, 7, 3
2023/10/20, 54, 27, , 6, 7, 2
2023/10/21, 49, 8, , 8, 5, 3
2023/10/22, 24, 12, , 17, 8, 4
2023/10/23, 34, 29, , 17, 11, 4
2023/10/24, 57, 14, , 10, 5, 3
2023/10/25, 27, 11, , 15, 8, 3
2023/10/26, 32, 9, , 12, 7, 3
2023/10/27, 21, 13, , 15, 7, 4
2023/10/28, 30, 14, , 18, 7, 4
2023/10/29, 37, 16, , 19, 10, 4
2023/10/30, 38, 13, , 13, 10, 3
2023/10/31, 30, 7, , 8, 3, 3
2023/11/1, 21, 14, , 10, 7, 4
2023/11/2, 42, 12, , 10, 4, 4
2023/11/3, 33, 15, , 13, 4, 4
2023/11/4, 43, 7, , 7, 5, 3
2023/11/5, 19, 17, , 14, 3, 5
2023/11/6, 38, 21, , 18, 3, 6
2023/11/7, 55, 17, , 15, 2, 5
2023/11/8, 44, 19, , 15, 6, 6
2023/11/9, 51, 17, , 12, 6, 5
2023/11/10, 57, 15, , 11, 3, 5
2023/11/11, 52, 9, , 8, 3, 5
2023/11/12, 32, 26, , 19, 4, 8
2023/11/13, 58, 13, , 12, 5, 5
2023/11/14, 36, 12, , 14, 2, 5
2023/11/15, 39, 12, , 10, 3, 5
2023/11/16, 32, 8, , 10, 3, 5
2023/11/17, 30, 9, , 6, 1, 5
2023/11/18, 30, 17, , 11, 2, 7
2023/11/19, 55, 34, , 24, 4, 10
2023/11/20, 77, 36, , 15, 3, 9
2023/11/21, 103, 20, , 7, 2, 6
2023/11/22, 66, 37, , 15, 3, 9
2023/11/23, 89, 43, , 17, 6, 12
2023/11/24, 108, 11, , 9, 4, 6
2023/11/25, 32, 8, , 5, 3, 6
2023/11/26, 32, 10, , 9, 4, 6
2023/11/27, 29, 9, , 9, 7, 7
2023/11/28, 34, 24, , 14, 4, 9
2023/11/29, 60, 17, , 11, 8, 6
2023/11/30, 57, 16, , 13, 5, 2
2023/12/1, 34, 20, , 14, 4, 3
2023/12/2, 51, 17, , 10, 1, 3
2023/12/3, 58, 28, , 15, 2, 5
2023/12/4, 80, 23, , 10, 7, 4
2023/12/5, 72, 21, , 11, 3, 5
2023/12/6, 69, 16, , 10, 2, 5
2023/12/7, 62, 28, , 11, 1, 6
2023/12/8, 84, 41, , 12, 1, 7
2023/12/9, 112, 37, , 15, 2, 9
2023/12/10, 107, 34, , 23, 4, 8
2023/12/11, 82, 26, , 22, 4, 7
2023/12/12, 74, 24, , 17, 5, 6
2023/12/13, 67, 16, , 15, 3, 5
2023/12/14, 57, 24, , 11, 1, 4
2023/12/15, 69, 30, , 16, , 6
2023/12/16, 78, 35, , 20, 1, 8
2023/12/17, 88, 74, , 35, 8, 19
2023/12/18, 142, 64, , 29, 6, 15
2023/12/19, 152, 57, , 16, 3, 10
2023/12/20, 146, 20, , 15, 7, 4
2023/12/21, 54, 17, , 14, 6, 3
2023/12/22, 43, 12, , 12, 3, 2
2023/12/23, 32, 45, , 24, 5, 8
2023/12/24, 94, 37, , 24, 5, 6
2023/12/25, 78, 46, , 35, 7, 10
2023/12/26, 100, 24, , 21, 4, 5
2023/12/27, 58, 54, , 26, 6, 8
2023/12/28, 117, 32, , 22, 5, 5
2023/12/29, 70, 39, , 25, 5, 7
2023/12/30, 91, 34, , 19, 6, 7
2023/12/31, 92, 23, , 15, 4, 4
2023/7/1, 50, 10, , 6, 9, 2
2023/7/2, 35, 14, , 11, 8, 2
2023/7/3, 27, 20, , 13, 8, 2
2023/7/4, 40, 17, , 11, 8, 2
2023/7/5, 43, 17, , 11, 8, 2
2023/7/6, 42, 16, , 11, 8, 2
2023/7/7, 36, 17, , 10, 8, 2
2023/7/8, 36, 12, , 10, 8, 2
2023/7/9, 29, 13, , 9, 8, 2
2023/7/10, 32, 15, , 12, 9, 3
2023/7/11, 43, 17, , 12, 9, 2
2023/7/12, 43, 19, , 11, 9, 2
2023/7/13, 38, 9, , 7, 8, 2
2023/7/14, 29, 10, , 7, 9, 2
2023/7/15, 37, 14, , 9, 9, 3
2023/7/16, 50, 13, , 12, 9, 3
2023/7/17, 43, 13, , 8, 9, 2
2023/7/18, 40, 15, , 7, 10, 2
2023/7/19, 24, 10, , 9, 9, 2
2023/7/20, 26, 12, , 9, 6, 3
2023/7/21, 30, 11, , 5, 1, 2
2023/7/22, 35, 8, , 4, 1, 2
2023/7/23, 28, 15, , 10, 3, 3
2023/7/24, 46, 17, , 9, 3, 3
2023/7/25, 43, 8, , 7, 2, 2
2023/7/26, 21, 7, , 8, 1, 2
2023/7/27, 19, 9, , 12, 4, 3
2023/7/28, 23, 12, , 13, 3, 3
2023/7/29, 33, 9, , 10, 2, 3
2023/7/30, 30, 11, , 9, 2, 3
2023/7/31, 27, 10, , 6, 7, 3
2023/8/1, 22, 4, , 4, 3, 3
2023/8/2, 12, 10, , 10, 5, 3
2023/8/3, 30, 17, , 11, 3, 3
2023/8/4, 48, 10, , 4, 3, 3
2023/8/5, 35, 6, , 4, 3, 3
2023/8/6, 24, 5, , 10, 3, 3
2023/8/7, 11, 6, , 10, 2, 3
2023/8/8, 17, 8, , 10, 2, 3
2023/8/9, 20, 8, , 11, 2, 3
2023/8/10, 21, 9, , 12, 2, 3
2023/8/11, 24, 10, , 12, 2, 3
2023/8/12, 30, 11, , 11, 2, 3
2023/8/13, 32, 15, , 16, 3, 4
2023/8/14, 43, 15, , 11, 4, 4
2023/8/15, 44, 14, , 9, 3, 4
2023/8/16, 52, 18, , 11, 3, 4
2023/8/17, 60, 22, , 12, 3, 4
2023/8/18, 68, 16, , 6, 3, 4
2023/8/19, 56, 19, , 9, 3, 4
2023/8/20, 59, 18, , 14, 3, 4
2023/8/21, 53, 18, , 13, 3, 4
2023/8/22, 53, 22, , 20, 9, 5
2023/8/23, 61, 17, , 17, 3, 4
2023/8/24, 49, 14, , 14, 4, 4
2023/8/25, 42, 14, , 9, 8, 4
2023/8/26, 44, 13, , 7, 7, 4
2023/8/27, 41, 14, , 6, 8, 4
2023/8/28, 37, 13, , 8, 6, 4
2023/8/29, 38, 10, , 8, 4, 4
2023/8/30, 38, 9, , 10, 4, 4
2023/8/31, 33, 9, , 11, 3, 4
2023/9/1, 30, 10, , 13, 4, 4
2023/9/2, 32, 15, , 14, 5, 5
2023/9/3, 43, 14, , 7, 3, 4
2023/9/4, 33, 15, , 12, 3, 5
2023/9/5, 38, 18, , 13, 4, 5
2023/9/6, 48, 20, , 14, 4, 5
2023/9/7, 49, 19, , 14, 5, 5
2023/9/8, 46, 20, , 14, 4, 5
2023/9/9, 49, 19, , 16, 4, 6
2023/9/10, 50, 16, , 15, 7, 5
2023/9/11, 42, 18, , 15, 5, 5
2023/9/12, 45, 22, , 23, 6, 6
2023/9/13, 53, 16, , 14, 5, 5
2023/9/14, 46, 10, , 9, 4, 4
2023/9/15, 27, 13, , 9, 8, 5
2023/9/16, 42, 13, , 3, 8, 5
2023/9/17, 49, 13, , 4, 5, 4
2023/9/18, 44, 19, , 14, 8, 5
2023/9/19, 37, 9, , 12, 5, 5
2023/9/20, 22, 12, , 9, 8, 5
2023/9/21, 34, 16, , 10, 6, 3
2023/9/22, 40, 13, , 10, 2, 1
2023/9/23, 33, 7, , 7, 3, 1
2023/9/24, 29, 8, , 11, 2, 2
2023/9/25, 28, 19, , 16, 2, 3
2023/9/26, 48, 23, , 18, 2, 3
2023/9/27, 53, 24, , 20, 3, 4
2023/9/28, 56, 22, , 24, 3, 4
2023/9/29, 54, 21, , 17, 3, 3
2023/9/30, 52, 14, , 9, 2, 2
2023/4/1, 29, 7, , 8, 3, 2
2023/4/2, 24, 13, , 7, 2, 2
2023/4/3, 47, , , 12, 3, 3
2023/4/5, 74, 36, , 12, 2, 3
2023/4/6, 86, 31, , 14, 3, 3
2023/4/7, 93, 46, , 14, 2, 3
2023/4/8, 118, 38, , 12, 2, 3
2023/4/9, 105, 32, , 12, 2, 3
2023/4/10, 80, 28, , 14, 3, 3
2023/4/11, 69, 21, , 15, 3, 3
2023/4/12, 35, 18, , 11, 4, 3
2023/4/13, 45, 11, , 8, 4, 2
2023/4/14, 33, 11, , 9, 3, 3
2023/4/15, 33, 14, , 7, 3, 2
2023/4/16, 48, 14, , 7, 4, 2
2023/4/17, 50, 10, , 7, 4, 2
2023/4/18, 31, 26, , 13, 4, 3
2023/4/19, 62, 36, , 16, 4, 3
2023/4/20, 79, 40, , 19, 4, 3
2023/4/21, 72, 32, , 15, 4, 3
2023/4/22, 64, 30, , 11, 5, 3
2023/4/23, 66, 26, , 11, 6, 2
2023/4/24, 70, 17, , 12, 5, 2
2023/4/25, 42, 34, , 14, 4, 2
2023/4/26, 56, 26, , 13, 3, 2
2023/4/27, 56, 18, , 9, 4, 2
2023/4/28, 45, 16, , 6, 6, 2
2023/4/29, 43, 26, , 11, 4, 3
2023/4/30, 56, 18, , 5, 4, 2
2023/5/1, 48, 22, , 5, 6, 2
2023/5/2, 43, 20, , 6, 6, 2
2023/5/3, 38, 25, , 10, 4, 2
2023/5/4, 62, 24, , 12, 4, 3
2023/5/5, 61, 19, , 10, 5, 2
2023/5/6, 50, 16, , 5, 9, 2
2023/5/7, 38, 17, , 9, 4, 2
2023/5/8, 44, 16, , 6, 4, 2
2023/5/9, 39, 15, , 3, 4, 2
2023/5/10, 42, 15, , 3, 5, 2
2023/5/11, 39, 10, , 4, 5, 2
2023/5/12, 38, 12, , 4, 6, 2
2023/5/13, 43, 12, , 3, 5, 1
2023/5/14, 46, 18, , 9, 7, 2
2023/5/15, 60, 22, , 6, 6, 2
2023/5/16, 62, 15, , 8, 6, 2
2023/5/17, 42, 12, , 8, 5, 2
2023/5/18, 39, 23, , 6, 5, 2
2023/5/19, 58, , , 10, 6, 2
2023/5/21, 54, 16, , 6, 6, 1
2023/5/22, 45, 26, , 15, 16, 2
2023/5/23, 57, 24, , 13, 6, 2
2023/5/24, 61, 22, , 11, 6, 2
2023/5/25, 53, 23, , 11, 6, 2
2023/5/26, 60, 19, , 8, 6, 1
2023/5/27, 56, 15, , 7, 6, 1
2023/5/28, 46, 15, , 10, 6, 1
2023/5/29, 48, 18, , 11, 6, 1
2023/5/30, 51, 17, , 9, 6, 1
2023/5/31, 47, 18, , 9, 7, 1
2023/6/1, 51, 21, , 15, 12, 2
2023/6/2, 58, 20, , 8, 6, 1
2023/6/3, 46, 11, , 3, 7, 1
2023/6/4, 29, 13, , 3, 7, 1
2023/6/5, 37, 14, , 5, 7, 1
2023/6/6, 46, 17, , 7, 7, 1
2023/6/7, 51, 18, , 9, 8, 1
2023/6/8, 50, 16, , 9, 7, 1
2023/6/9, 46, 13, , 10, 7, 1
2023/6/10, 33, 13, , 8, 7, 1
2023/6/11, 45, 16, , 8, 7, 1
2023/6/12, 33, 18, , 9, 7, 1
2023/6/13, 34, 14, , 7, 7, 1
2023/6/14, 35, 17, , 11, 7, 1
2023/6/15, 50, 16, , 11, 8, 2
2023/6/16, 53, 20, , 10, 8, 1
2023/6/17, 55, 13, , 7, 7, 1
2023/6/18, 36, 20, , 14, 8, 1
2023/6/19, 47, 22, , 13, 8, 2
2023/6/20, 55, 27, , 15, 11, 2
2023/6/21, 67, 22, , 10, 10, 2
2023/6/22, 63, 24, , 7, 8, 2
2023/6/23, 53, 10, , 6, 8, 1
2023/6/24, 27, 9, , 5, 8, 1
2023/6/25, 32, 12, , 9, 8, 2
2023/6/26, 36, 14, , 10, 8, 1
2023/6/27, 36, 8, , 9, 8, 1
2023/6/28, 28, 8, , 9, 8, 1
2023/6/29, 22, 11, , 12, 14, 2
2023/6/30, 30, 17, , 11, 10, 2
2023/1/2, 132, 29, , 10, 7, 11
2023/1/3, 85, 35, , 15, 8, 13
2023/1/4, 90, 39, , 17, 10, 13
2023/1/5, 101, 32, , 15, 8, 14
2023/1/6, 79, 57, , 17, 9, 17
2023/1/7, 144, 37, , 13, 13, 13
2023/1/8, 101, 23, , 9, 11, 11
2023/1/9, 72, 9, , 8, 8, 10
2023/1/10, 36, 18, , 11, 7, 11
2023/1/11, 58, 30, , 15, 5, 9
2023/1/12, 75, 36, , 15, 10, 5
2023/1/13, 99, 47, , 16, 4, 7
2023/1/14, 134, 37, , 14, 10, 6
2023/1/15, 98, 25, , 14, 7, 4
2023/1/16, 75, 14, , 8, 7, 2
2023/1/17, 42, 13, , 10, 6, 2
2023/1/18, 25, 17, , 11, 4, 3
2023/1/19, 53, 23, , 13, 3, 4
2023/1/20, 78, 28, , 11, 2, 4
2023/1/21, 89, 30, , 9, 3, 5
2023/1/22, 92, 13, , 7, 3, 3
2023/1/23, 46, 8, , 6, 5, 3
2023/1/24, 31, 14, , 6, 5, 3
2023/1/25, 52, 18, , 6, 6, 3
2023/1/26, 56, 29, , 15, 3, 6
2023/1/27, 87, 32, , 10, 2, 5
2023/1/28, 99, 26, , 9, 2, 4
2023/1/29, 81, 30, , 11, 4, 5
2023/1/30, 80, 19, , 10, 3, 4
2023/1/31, 52, 25, , 12, 3, 4
2023/2/1, 54, 26, , 14, 4, 5
2023/2/2, 51, 15, , 12, 3, 4
2023/2/3, 38, 10, , 6, 2, 4
2023/2/4, 29, 13, , 5, 1, 4
2023/2/5, 42, 27, , 11, 1, 5
2023/2/6, 69, 40, , 15, 1, 7
2023/2/7, 98, 38, , 13, 2, 7
2023/2/8, 107, 24, , 9, 8, 5
2023/2/9, 72, 47, , 23, 8, 9
2023/2/10, 116, 51, , 22, 5, 9
2023/2/11, 131, 41, , 14, 3, 7
2023/2/12, 108, 47, , 20, 3, 10
2023/2/13, 118, 30, , 15, 2, 7
2023/2/14, 82, 46, , 19, 2, 8
2023/2/15, 110, 62, , 27, 18, 10
2023/2/16, 136, 53, , 26, 5, 11
2023/2/17, 121, 31, , 14, 4, 7
2023/2/18, 80, 23, , 8, 3, 5
2023/2/19, 63, 18, , 14, 3, 5
2023/2/20, 41, 29, , 19, 5, 7
2023/2/21, 72, 28, , 18, 4, 6
2023/2/22, 69, 28, , 11, 5, 5
2023/2/23, 80, 35, , 13, 7, 6
2023/2/24, 84, 13, , 8, 6, 5
2023/2/25, 41, 15, , 12, 4, 6
2023/2/26, 57, 17, , 10, 3, 6
2023/2/27, 62, 21, , 11, 3, 6
2023/2/28, 72, 28, , 8, 4, 6
2023/3/1, 85, 16, , 6, 6, 6
2023/3/2, 57, 48, , 14, 5, 8
2023/3/3, 122, 39, , 12, 5, 7
2023/3/4, 97, 29, , 12, 4, 6
2023/3/5, 78, 25, , 13, 9, 6
2023/3/6, 66, 25, , 14, 6, 6
2023/3/7, 67, 16, , 11, 10, 5
2023/3/8, 39, 20, , 12, 10, 6
2023/3/9, 39, 21, , 15, 7, 6
2023/3/10, 52, 17, , 9, 5, 5
2023/3/11, 37, 19, , 12, 4, 6
2023/3/12, 55, 16, , 10, 14, 6
2023/3/13, 47, 21, , 9, 11, 6
2023/3/14, 52, 17, , 10, 5, 6
2023/3/15, 41, 27, , 13, 3, 5
2023/3/16, 59, 34, , 18, 2, 4
2023/3/17, 74, 24, , 10, 3, 3
2023/3/18, 70, 27, , 16, 6, 5
2023/3/19, 70, 33, , 19, 4, 4
2023/3/20, 79, 33, , 15, 3, 3
2023/3/21, 69, 30, , 16, 3, 3
2023/3/22, 68, 34, , 19, 14, 4
2023/3/23, 79, 38, , 23, 9, 4
2023/3/24, 74, 11, , 10, 3, 1
2023/3/25, 32, 7, , 6, 7, 1
2023/3/26, 21, 9, , 9, 4, 2
2023/3/27, 28, 66, , 9, 2, 2
2023/3/28, 44, 15, , 11, 2, 2
2023/3/29, 45, 16, , 15, 2, 2
2023/3/30, 45, 15, , 13, 3, 2
2023/3/31, 38, 7, , 10, 4, 2
2022/10/1, 41, 11, , 9, 1, 1
2022/10/2, 30, 13, , 10, 1, 1
2022/10/3, 27, 16, , 13, 1, 2
2022/10/4, 36, 20, , 14, 8, 2
2022/10/5, 52, 35, , 19, 5, 3
2022/10/6, 76, 36, , 18, 5, 3
2022/10/7, 80, 27, , 14, 7, 2
2022/10/8, 65, 33, , 14, 3, 3
2022/10/9, 80, 25, , 8, 3, 2
2022/10/10, 69, 43, , 15, 3, 3
2022/10/11, 103, 50, , 15, 3, 4
2022/10/12, 117, 45, , 14, 5, 4
2022/10/13, 108, 26, , 12, 4, 2
2022/10/14, 68, 20, , 5, 4, 2
2022/10/15, 55, 17, , 6, 6, 2
2022/10/16, 52, 24, , 11, 7, 3
2022/10/17, 60, 31, , 16, 8, 4
2022/10/18, 72, 39, , 18, 4, 4
2022/10/19, 80, 20, , 11, 3, 3
2022/10/20, 51, 28, , 18, 16, 4
2022/10/21, 64, 40, , 22, 6, 5
2022/10/22, 73, 13, , 12, 4, 3
2022/10/23, 45, 39, , 24, 6, 7
2022/10/24, 81, 26, , 17, 4, 4
2022/10/25, 66, 17, , 16, 4, 5
2022/10/26, 50, 36, , 21, 5, 6
2022/10/27, 81, 32, , 12, 3, 4
2022/10/28, 85, 23, , 10, 3, 4
2022/10/29, 65, 37, 4, 10, 4, 5
2022/10/30, 105, 38, , 11, 4, 4
2022/10/31, 105, 45, , 15, 6, 9
2022/11/1, 106, 41, , 11, 4, 6
2022/11/2, 108, 40, , 10, 7, 6
2022/11/3, 108, 35, , 13, 7, 5
2022/11/4, 89, 21, , 10, 5, 5
2022/11/5, 72, 27, , 7, 5, 5
2022/11/6, 81, 32, , 8, 5, 6
2022/11/7, 91, 29, , 9, 6, 5
2022/11/8, 85, 46, , 18, 8, 9
2022/11/9, 112, 39, , 15, 6, 8
2022/11/10, 101, 31, , 12, 4, 6
2022/11/11, 89, 30, , 13, 4, 6
2022/11/12, 88, 21, , 10, 5, 4
2022/11/13, 70, 38, , 16, 6, 7
2022/11/14, 102, 49, , 11, 6, 8
2022/11/15, 132, 37, , 16, 8, 9
2022/11/16, 104, 23, , 13, 9, 7
2022/11/17, 69, 26, , 18, 9, 9
2022/11/18, 80, 16, , 7, 6, 6
2022/11/19, 60, 18, , 9, 6, 6
2022/11/20, 66, 26, , 13, 6, 7
2022/11/21, 76, 12, , 6, 7, 5
2022/11/22, 49, 10, , 9, 7, 6
2022/11/23, 39, 15, , 11, 6, 6
2022/11/24, 50, 32, , 16, 6, 9
2022/11/25, 86, 46, , 13, 5, 9
2022/11/26, 119, 38, , 10, 5, 8
2022/11/27, 111, 20, , 8, 5, 7
2022/11/28, 68, 24, , 9, 6, 7
2022/11/29, 75, 19, , 7, 6, 7
2022/11/30, 62, 7, , 6, 6, 6
2022/12/1, 28, 10, , 7, 7, 7
2022/12/2, 40, 14, , 5, 7, 7
2022/12/3, 54, 8, , 3, 6, 7
2022/12/4, 33, 12, , 7, 11, 7
2022/12/5, 45, 29, , 11, 9, 11
2022/12/6, 88, 32, , 10, 7, 10
2022/12/7, 90, 30, , 12, 7, 10
2022/12/8, 90, 29, , 12, 11, 9
2022/12/9, 77, 20, , 11, 10, 9
2022/12/10, 60, 15, , 7, 7, 9
2022/12/11, 51, 36, , 13, 7, 9
2022/12/12, 86, 27, , 10, 9, 9
2022/12/13, 82, 23, , 9, 8, 9
2022/12/14, 72, 39, , 14, 10, 11
2022/12/15, 97, 28, , 13, 10, 10
2022/12/16, 77, 33, , 9, 7, 10
2022/12/17, 91, 40, , 12, 6, 10
2022/12/18, 108, 43, , 11, 6, 11
2022/12/19, 122, 31, , 9, 7, 10
2022/12/20, 89, 74, , 20, 9, 17
2022/12/21, 159, 70, , 13, 9, 15
2022/12/22, 164, 58, , 21, 11, 16
2022/12/23, 120, 33, , 18, 9, 13
2022/12/24, 88, 32, , 14, 7, 11
2022/12/25, 84, 36, , 18, 10, 12
2022/12/26, 78, 26, , 14, 7, 10
2022/12/27, 54, 24, , 14, 12, 10
2022/12/28, 58, 37, , 20, 10, 13
2022/12/29, 87, 35, , 20, 10, 12
2022/12/30, 71, 36, , 20, 9, 12
2022/12/31, 80, 42, , 17, 9, 14
2023/1/1, 104, 60, , 22, 11, 20
2022/7/1, 53, 17, , 9, 4, 1
2022/7/2, 34, 14, , 9, 4, 1
2022/7/3, 40, 15, , 14, 4, 1
2022/7/4, 33, 17, , 12, 4, 1
2022/7/5, 34, 13, , 11, 4, 1
2022/7/6, 29, 19, , 12, 3, 1
2022/7/7, 32, 15, , 9, 4, 1
2022/7/8, 34, 10, , 8, 3, 
2022/7/9, 26, 8, , 5, 3, 
2022/7/10, 19, 10, , 9, 3, 
2022/7/11, 18, 11, , 11, 3, 
2022/7/12, 21, 11, , 10, 3, 
2022/7/13, 19, 10, , 15, 3, 1
2022/7/14, 20, 23, , 18, 5, 1
2022/7/15, 31, 12, , 10, 3, 1
2022/7/16, 34, 9, , 11, 3, 1
2022/7/17, 22, 11, , 15, 3, 1
2022/7/18, 23, 14, , 18, 3, 2
2022/7/19, 26, 14, , 18, 4, 2
2022/7/20, 27, 20, , 19, 4, 2
2022/7/21, 32, 19, , 18, 4, 2
2022/7/22, 35, 20, , 19, 6, 2
2022/7/23, 39, 21, , 8, 4, 2
2022/7/24, 47, 19, , 13, 4, 2
2022/7/25, 42, 26, , 13, 7, 2
2022/7/26, 45, 17, , 7, 5, 1
2022/7/27, 41, 26, , 12, 4, 2
2022/7/28, 44, 22, , 12, 8, 2
2022/7/29, 50, 18, , 10, 6, 2
2022/7/30, 49, 17, , 6, 5, 1
2022/7/31, 28, 18, , 14, 5, 2
2022/8/1, 35, 17, , 11, 5, 1
2022/8/2, 34, 17, , 13, 5, 2
2022/8/3, 36, 20, , 17, 5, 2
2022/8/4, 38, 22, , 18, 6, 3
2022/8/5, 40, 27, , 12, 4, 2
2022/8/6, 43, 16, , 6, 5, 1
2022/8/7, 32, 16, , 6, 5, 1
2022/8/8, 29, 15, , 7, 4, 2
2022/8/9, 47, 20, , 9, 4, 1
2022/8/10, 35, 19, , 10, 4, 1
2022/8/11, 28, 21, , 11, 5, 2
2022/8/12, 33, 15, , 8, 5, 2
2022/8/13, 45, 11, , 6, 5, 2
2022/8/14, 43, 12, , 10, 6, 2
2022/8/15, 36, 15, , 12, 6, 2
2022/8/16, 36, 12, , 10, 5, 2
2022/8/17, 28, 20, , 17, 6, 3
2022/8/18, 41, 27, , 12, 9, 3
2022/8/19, 51, 19, , 9, 6, 2
2022/8/20, 61, 19, , 4, 6, 2
2022/8/21, 66, 14, , 10, 1, 2
2022/8/22, 30, 16, , 9, 1, 2
2022/8/23, 43, 19, , 11, 2, 2
2022/8/24, 56, 23, , 13, 2, 2
2022/8/25, 56, 38, , 18, 2, 2
2022/8/26, 65, 35, , 20, 3, 2
2022/8/27, 61, 27, , 12, 3, 2
2022/8/28, 62, 17, , 11, 2, 2
2022/8/29, 48, 18, , 15, 3, 2
2022/8/30, 48, 20, , 17, 3, 2
2022/8/31, 52, 17, , 11, 3, 2
2022/9/1, 45, 12, , 14, 3, 2
2022/9/2, 40, 15, , 9, 2, 2
2022/9/3, 46, 22, , 11, 7, 2
2022/9/4, 65, 27, , 19, 3, 3
2022/9/5, 67, 27, , 19, 6, 3
2022/9/6, 65, 23, , 17, 17, 3
2022/9/7, 58, 21, , 13, 12, 2
2022/9/8, 52, 18, , 12, 5, 2
2022/9/9, 51, 13, , 9, 4, 2
2022/9/10, 36, 8, , 8, 4, 2
2022/9/11, 17, 16, , 11, 4, 2
2022/9/12, 30, 16, , 15, 4, 2
2022/9/13, 39, 18, , 18, 7, 2
2022/9/14, 37, 23, , 14, 8, 2
2022/9/15, 37, 8, , 12, 5, 2
2022/9/16, 30, 8, , 9, 5, 2
2022/9/17, 31, 7, , 7, 4, 2
2022/9/18, 18, 10, , 12, 4, 3
2022/9/19, 26, 12, , 11, 4, 3
2022/9/20, 29, 12, , 11, 4, 3
2022/9/21, 41, 20, , 13, 4, 3
2022/9/22, 47, 20, , 16, 5, 4
2022/9/23, 50, 22, , 17, 13, 4
2022/9/24, 53, 20, , 14, 9, 3
2022/9/25, 53, 18, , 15, 6, 3
2022/9/26, 52, 17, , 10, 6, 3
2022/9/27, 53, 11, , 11, 6, 3
2022/9/28, 31, 13, , 11, 7, 3
2022/9/29, 37, 13, , 15, 4, 3
2022/9/30, 28, 17, , 16, 2, 1
2022/4/1, 39, 21, , 9, 2, 2
2022/4/2, 71, 21, , 9, 1, 2
2022/4/3, 66, 26, , 12, 1, 3
2022/4/4, 74, 22, , 22, 2, 4
2022/4/5, 57, 21, , 19, 9, 3
2022/4/6, 49, 14, , 11, 3, 2
2022/4/7, 39, 14, , 10, 3, 2
2022/4/8, 40, 23, , 7, 4, 1
2022/4/9, 40, 13, , 8, 1, 2
2022/4/10, 47, 15, , 17, 1, 2
2022/4/11, 43, 18, , 14, 2, 3
2022/4/12, 53, 20, , 15, 1, 2
2022/4/13, 53, 31, , 23, 2, 3
2022/4/14, 68, 36, , 26, 4, 4
2022/4/15, 66, 17, , 8, 2, 2
2022/4/16, 49, 17, , 3, 2, 2
2022/4/17, 31, 14, , 13, 2, 2
2022/4/18, 39, 18, , 14, 2, 3
2022/4/19, 59, 25, , 15, 2, 3
2022/4/20, 76, 22, , 13, 3, 3
2022/4/21, 68, 21, , 7, 3, 2
2022/4/22, 52, 15, , 8, 3, 2
2022/4/23, 50, 18, , 9, 4, 2
2022/4/24, 45, 12, , 11, 3, 2
2022/4/25, 29, 14, , 13, 3, 2
2022/4/26, 37, 15, , 12, 3, 2
2022/4/27, 46, 19, , 12, 2, 2
2022/4/28, 65, 23, , 15, 2, 3
2022/4/29, 59, 15, , 9, 3, 2
2022/4/30, 48, 11, , 4, 2, 1
2022/5/1, 36, 12, , 6, 3, 1
2022/5/2, 31, 14, , 11, 3, 1
2022/5/3, 42, 17, , 15, 3, 2
2022/5/4, 46, 15, , 11, 5, 1
2022/5/5, 46, 15, , 7, 3, 1
2022/5/6, 45, 16, , 6, 3, 1
2022/5/7, 47, 15, , 8, 3, 1
2022/5/8, 40, 18, , 10, 3, 2
2022/5/9, 38, 21, , 16, 3, 2
2022/5/10, 54, 16, , 17, 3, 2
2022/5/11, 45, 17, , 20, 4, 2
2022/5/12, 46, 19, , 18, 4, 2
2022/5/13, 47, 15, , 14, 4, 1
2022/5/14, 33, 14, , 14, 3, 1
2022/5/15, 33, 15, , 17, 3, 2
2022/5/16, 38, 20, , 16, 2, 2
2022/5/17, 50, 17, , 8, 1, 1
2022/5/18, 30, 12, , 15, 1, 1
2022/5/19, 26, 14, , 18, 6, 2
2022/5/20, 33, 16, , 19, 2, 2
2022/5/21, 34, 13, , 12, 2, 1
2022/5/22, 40, 15, , 10, 2, 1
2022/5/23, 25, 17, , 8, 4, 1
2022/5/24, 34, 34, , 13, 3, 2
2022/5/25, 58, 13, , 13, 1, 1
2022/5/26, 27, 19, , 16, 2, 1
2022/5/27, 35, 17, , 11, 3, 1
2022/5/28, 41, 13, , 5, 2, 1
2022/5/29, 40, 15, , 10, 2, 1
2022/5/30, 47, 27, , 8, 2, 1
2022/5/31, 83, 27, , 15, 3, 1
2022/6/1, 69, 25, , 17, 3, 1
2022/6/2, 60, 16, , 14, 2, 1
2022/6/3, 38, 17, , 12, 3, 1
2022/6/4, 47, 12, , 9, 3, 1
2022/6/5, 37, 16, , 12, 3, 
2022/6/6, 34, 15, , 7, 7, 
2022/6/7, 42, 12, , 9, 3, 
2022/6/8, 35, 12, , 6, 4, 
2022/6/9, 39, 16, , 10, 3, 
2022/6/10, 45, 18, , 9, 3, 
2022/6/11, 47, 14, , 9, 3, 
2022/6/12, 42, 15, , 11, 3, 
2022/6/13, 39, 17, , 13, 3, 
2022/6/14, 30, 16, , 14, 3, 
2022/6/15, 32, 17, , 13, 4, 1
2022/6/16, 34, 23, , 14, 3, 1
2022/6/17, 41, 14, , 11, 3, 
2022/6/18, 31, 13, , 9, 5, 
2022/6/19, 32, 16, , 13, 6, 1
2022/6/20, 36, 21, , 11, 4, 1
2022/6/21, 45, 19, , 12, 3, 
2022/6/22, 31, 15, , 11, 3, 1
2022/6/23, 47, 12, , 10, 4, 
2022/6/24, 34, 15, , 12, 5, 
2022/6/25, 42, 9, , 10, 4, 
2022/6/26, 28, 9, , 9, 3, 
2022/6/27, 23, 15, , 11, 3, 1
2022/6/28, 42, 15, , 8, 4, 
2022/6/29, 38, 21, , 13, 5, 
2022/6/30, 42, 22, , 14, 8, 1
2022/1/3, 133, 43, , 16, 8, 6
2022/1/4, 96, 21, , 10, 7, 2
2022/1/5, 48, 19, , 9, 5, 3
2022/1/6, 53, 24, , 8, 4, 3
2022/1/7, 73, 36, , 8, 4, 5
2022/1/8, 107, 28, , 7, 5, 4
2022/1/9, 88, 30, , 14, 5, 4
2022/1/10, 88, 19, , 13, 4, 3
2022/1/11, 64, 34, , 14, 4, 4
2022/1/12, 88, 49, , 13, 3, 5
2022/1/13, 126, 30, , 12, 4, 4
2022/1/14, 73, 31, , 14, 4, 7
2022/1/15, 79, 54, , 19, 8, 10
2022/1/16, 139, 37, , 12, 4, 5
2022/1/17, 86, 29, , 13, 4, 4
2022/1/18, 52, 40, , 17, 4, 6
2022/1/19, 94, 56, , 21, 6, 11
2022/1/20, 140, 23, , 11, 5, 5
2022/1/21, 48, 18, , 10, 4, 6
2022/1/22, 57, 19, , 10, 4, 6
2022/1/23, 66, 48, , 17, 4, 8
2022/1/24, 101, 58, , 17, 5, 9
2022/1/25, 119, 34, , 10, 4, 8
2022/1/26, 101, 48, , 16, 5, 9
2022/1/27, 114, 44, , 15, 5, 9
2022/1/28, 92, 32, , 11, 4, 6
2022/1/29, 59, 34, , 9, 7, 6
2022/1/30, 53, 26, , 10, 6, 6
2022/1/31, 58, 35, , 14, 6, 7
2022/2/1, 82, 27, , 13, 6, 7
2022/2/2, 59, 33, , 16, 5, 7
2022/2/3, 57, 62, , 25, 14, 12
2022/2/4, 95, 57, , 18, 6, 11
2022/2/5, 107, 33, , 14, 8, 7
2022/2/6, 62, 19, , 11, 7, 6
2022/2/7, 41, 34, , 12, 5, 7
2022/2/8, 52, 38, , 16, 6, 9
2022/2/9, 69, 55, , 25, 10, 11
2022/2/10, 111, 39, , 17, 6, 8
2022/2/11, 71, 26, , 9, 4, 6
2022/2/12, 53, 25, , 6, 5, 7
2022/2/13, 70, 33, , 13, 5, 6
2022/2/14, 78, 30, , 14, 4, 3
2022/2/15, 68, 31, , 13, 3, 3
2022/2/16, 75, 34, , 16, 5, 4
2022/2/17, 71, 18, , 11, 4, 2
2022/2/18, 36, 32, , 15, 3, 3
2022/2/19, 56, 25, , 10, 2, 2
2022/2/20, 55, 29, , 15, 5, 4
2022/2/21, 65, 26, , 11, 2, 2
2022/2/22, 45, 28, , 13, 2, 3
2022/2/23, 52, 31, , 13, 2, 3
2022/2/24, 66, 41, , 16, 4, 4
2022/2/25, 71, 22, , 8, 2, 2
2022/2/26, 51, 20, , 7, 1, 2
2022/2/27, 63, 23, , 10, 2, 3
2022/2/28, 61, , , 10, 1, 3
2022/3/2, 82, 41, , 18, 3, 5
2022/3/3, 108, 47, , 17, 3, 5
2022/3/4, 123, 37, , 14, 2, 4
2022/3/5, 100, 24, , 7, 2, 3
2022/3/6, 79, 34, , 13, 2, 4
2022/3/7, 91, 32, , 12, 2, 4
2022/3/8, 84, 30, , 15, 2, 5
2022/3/9, 82, 21, , 8, 2, 3
2022/3/10, 64, 21, , 13, 2, 4
2022/3/11, 62, 30, , 15, 2, 5
2022/3/12, 82, 42, , 15, 6, 7
2022/3/13, 113, 28, , 10, 4, 5
2022/3/14, 82, 34, , 14, 4, 5
2022/3/15, 84, 40, , 14, 7, 5
2022/3/16, 81, 29, , 6, 1, 4
2022/3/17, 88, 30, , 9, 1, 5
2022/3/18, 83, 38, , 11, 2, 6
2022/3/19, 103, 26, , 9, 2, 5
2022/3/20, 73, 48, , 18, 2, 8
2022/3/21, 120, 47, , 16, 2, 6
2022/3/22, 109, 51, , 22, 4, 8
2022/3/23, 115, 42, , 18, 3, 6
2022/3/24, 87, 42, , 22, 3, 7
2022/3/25, 87, 37, , 18, 3, 7
2022/3/26, 85, 24, , 6, 2, 5
2022/3/27, 61, 27, , 16, 3, 6
2022/3/28, 50, 54, , 18, 5, 7
2022/3/29, 109, 36, , 10, 7, 4
2022/3/30, 73, 24, , 8, 4, 2
2022/3/31, 54, 14, , 10, 4, 2
2021/10/1, 73, 25, , 5, 3, 3
2021/10/2, 59, 19, , 4, 5, 4
2021/10/3, 49, 25, , 11, 6, 4
2021/10/4, 56, 38, , 5, 4, 4
2021/10/5, 60, 30, , 6, 2, 4
2021/10/6, 64, 20, , 3, 3, 4
2021/10/7, 51, 17, , 5, 2, 2
2021/10/8, 50, 8, , 6, 1, 2
2021/10/9, 35, 19, , 5, 2, 2
2021/10/10, 60, 19, , 13, 2, 3
2021/10/11, 64, 33, , 17, 3, 4
2021/10/12, 84, 21, , 14, 3, 3
2021/10/13, 58, 29, , 14, 3, 5
2021/10/14, 74, 37, , 16, 3, 7
2021/10/15, 95, 32, , 17, 3, 5
2021/10/16, 79, 38, , 19, 3, 8
2021/10/17, 93, 37, , 21, 3, 6
2021/10/18, 83, 38, , 19, 2, 5
2021/10/19, 89, 41, , 20, 10, 6
2021/10/20, 97, 47, , 25, 5, 8
2021/10/21, 99, 25, , 18, 3, 6
2021/10/22, 74, 21, , 15, 2, 5
2021/10/23, 55, 23, , 14, 2, 6
2021/10/24, 62, 24, , 10, 2, 4
2021/10/25, 68, 29, , 14, 4, 5
2021/10/26, 73, 56, , 22, 4, 9
2021/10/27, 129, 63, , 25, 5, 12
2021/10/28, 142, 38, , 11, 4, 6
2021/10/29, 96, 29, , 7, 3, 4
2021/10/30, 72, 20, , 5, 3, 4
2021/10/31, 63, 33, , 10, 18, 5
2021/11/1, 89, 23, , 10, 5, 5
2021/11/2, 69, 20, , 10, 6, 5
2021/11/3, 62, 18, , 10, 7, 5
2021/11/4, 43, 12, , 14, 3, 6
2021/11/5, 46, 21, , 12, 2, 6
2021/11/6, 70, 31, , 10, 3, 6
2021/11/7, 91, 27, , 12, 3, 7
2021/11/8, 83, 34, , 16, 3, 9
2021/11/9, 89, 21, , 7, 2, 5
2021/11/10, 66, 28, , 8, 3, 6
2021/11/11, 77, 40, , 14, 4, 8
2021/11/12, 102, 47, , 13, 17, 8
2021/11/13, 127, 34, , 10, 6, 7
2021/11/14, 95, 46, , 14, 4, 8
2021/11/15, 123, 24, , 5, 4, 6
2021/11/16, 71, 36, , 12, 7, 8
2021/11/17, 98, 34, , 11, 4, 8
2021/11/18, 94, 26, , 14, 3, 8
2021/11/19, 70, 26, , 15, 3, 8
2021/11/20, 71, 43, , 19, 12, 11
2021/11/21, 113, 52, , 14, 5, 11
2021/11/22, 139, 36, , 14, 4, 9
2021/11/23, 94, 41, , 15, 4, 10
2021/11/24, 108, 44, , 16, 5, 11
2021/11/25, 114, 24, , 12, 7, 9
2021/11/26, 71, 26, , 11, 6, 9
2021/11/27, 77, 20, , 9, 7, 8
2021/11/28, 64, 18, , 13, 5, 8
2021/11/29, 56, 19, , 9, 5, 8
2021/11/30, 56, 23, , 13, 9, 8
2021/12/1, 50, 15, , 12, 7, 7
2021/12/2, 35, 20, , 14, 5, 8
2021/12/3, 55, 43, , 16, 5, 11
2021/12/4, 108, 34, , 14, 5, 11
2021/12/5, 102, 22, , 9, 5, 10
2021/12/6, 75, 26, , 11, 5, 10
2021/12/7, 79, 36, , 12, 5, 10
2021/12/8, 97, 24, , 10, 5, 10
2021/12/9, 78, 25, , 10, 5, 11
2021/12/10, 80, 24, , 8, 5, 10
2021/12/11, 79, 18, , 6, 4, 8
2021/12/12, 67, 28, , 15, 4, 10
2021/12/13, 89, 41, , 16, 4, 13
2021/12/14, 113, 37, , 16, 3, 11
2021/12/15, 109, 37, , 13, 3, 12
2021/12/16, 111, 19, , 12, 3, 9
2021/12/17, 64, 24, , 11, 3, 10
2021/12/18, 64, 22, , 8, 4, 9
2021/12/19, 64, 16, , 11, 4, 9
2021/12/20, 45, 31, , 16, 4, 11
2021/12/21, 74, 54, , 20, 4, 14
2021/12/22, 117, 52, , 17, 5, 13
2021/12/23, 124, 21, , 11, 9, 10
2021/12/24, 42, 7, , 15, 8, 11
2021/12/25, 21, , , 9, 4, 10
2021/12/29, 99, 32, , 13, 5, 12
2021/12/30, 87, 66, , 22, 8, 13
2021/12/31, 136, 37, , 9, 5, 6
2022/1/1, 92, 31, , 13, 5, 5
2022/1/2, 81, 62, , 19, 7, 10
2021/7/1, 30, 16, , 8, 10, 6
2021/7/2, 23, 16, , 6, 10, 6
2021/7/3, 30, 17, , 8, 11, 6
2021/7/4, 34, 30, , 12, 11, 6
2021/7/5, 52, 30, , 12, 11, 6
2021/7/6, 56, 31, , 9, 12, 6
2021/7/7, 56, 30, , 11, 12, 6
2021/7/8, 50, 34, , 4, 12, 6
2021/7/9, 51, 25, , 7, 11, 6
2021/7/10, 43, 26, , 4, 11, 6
2021/7/11, 49, 28, , 10, 11, 6
2021/7/12, 57, 29, , 9, 17, 6
2021/7/13, 60, 41, , 7, 16, 6
2021/7/14, 58, 30, , 10, 11, 6
2021/7/15, 47, 19, , 10, 11, 6
2021/7/16, 56, 18, , 5, 11, 6
2021/7/17, 56, 13, , 5, 11, 6
2021/7/18, 39, 15, , 10, 11, 7
2021/7/19, 49, 22, , 8, 11, 6
2021/7/20, 56, 22, , 9, 11, 6
2021/7/21, 54, 25, , 12, 10, 6
2021/7/22, 50, 27, , 16, 12, 7
2021/7/23, 56, 27, , 10, 13, 6
2021/7/24, 56, 23, , 3, 19, 7
2021/7/25, 59, 29, , 7, 17, 6
2021/7/26, 54, 35, , 11, 12, 7
2021/7/27, 61, 44, , 15, 15, 7
2021/7/28, 69, 29, , 11, 12, 7
2021/7/29, 49, 23, , 12, 13, 7
2021/7/30, 40, 27, , 13, 12, 7
2021/7/31, 56, 26, , 6, 15, 7
2021/8/1, 43, 14, , 8, 12, 7
2021/8/2, 29, 18, , 8, 12, 7
2021/8/3, 33, 20, , 8, 12, 7
2021/8/4, 34, 20, , 7, 13, 7
2021/8/5, 43, 11, , 8, 12, 7
2021/8/6, 20, 10, , 6, 13, 7
2021/8/7, 20, 15, , 6, 15, 7
2021/8/8, 32, 21, , 10, 12, 8
2021/8/9, 47, 21, , 11, 11, 8
2021/8/10, 42, 27, , 15, 12, 8
2021/8/11, 43, 25, , 14, 11, 8
2021/8/12, 39, 23, , 12, 12, 8
2021/8/13, 42, 27, , 16, 15, 8
2021/8/14, 50, 25, , 10, 16, 8
2021/8/15, 53, 32, , 13, 13, 8
2021/8/16, 55, 31, , 9, 12, 8
2021/8/17, 39, 20, , 10, 12, 8
2021/8/18, 29, 21, , 10, 12, 8
2021/8/19, 32, 24, , 14, 12, 8
2021/8/20, 35, 24, , 15, 12, 8
2021/8/21, 39, 18, , 11, 12, 8
2021/8/22, 36, 25, , 10, 14, 8
2021/8/23, 39, 12, , 9, 12, 8
2021/8/24, 37, 12, , 8, 12, 8
2021/8/25, 41, 20, , 9, 12, 9
2021/8/26, 50, 15, , 11, 12, 9
2021/8/27, 50, 11, , 9, 12, 8
2021/8/28, 39, 10, , 4, 12, 8
2021/8/29, 37, 15, , 9, 12, 9
2021/8/30, 32, 17, , 14, 8, 6
2021/8/31, 39, 17, , 10, 1, 2
2021/9/1, 38, 27, , 14, 1, 2
2021/9/2, 52, 23, , 16, 1, 3
2021/9/3, 47, 22, , 18, 1, 2
2021/9/4, 45, 19, , 12, 1, 2
2021/9/5, 44, 23, , 11, 1, 2
2021/9/6, 39, 23, , 12, 1, 2
2021/9/7, 49, 25, , 10, 3, 2
2021/9/8, 43, 24, , 7, 7, 2
2021/9/9, 38, 31, , 14, 2, 3
2021/9/10, 58, 35, , 23, 5, 4
2021/9/11, 61, 32, , 20, 2, 4
2021/9/12, 54, 37, , 27, 2, 4
2021/9/13, 57, 39, , 25, 2, 4
2021/9/14, 59, 32, , 23, 5, 5
2021/9/15, 59, 51, , 24, 4, 4
2021/9/16, 78, 32, , 17, 4, 3
2021/9/17, 63, 13, , 11, 2, 2
2021/9/18, 38, 13, , 14, 2, 2
2021/9/19, 34, 12, , 12, 2, 3
2021/9/20, 42, 16, , 12, 1, 3
2021/9/21, 51, 18, , 11, 1, 3
2021/9/22, 59, 23, , 15, 1, 3
2021/9/23, 61, 26, , 22, 3, 4
2021/9/24, 52, 20, , 18, 2, 5
2021/9/25, 48, 32, , 26, 7, 5
2021/9/26, 71, 38, , 24, 4, 5
2021/9/27, 76, 21, , 12, 2, 4
2021/9/28, 66, 22, , 7, 2, 4
2021/9/29, 60, 21, , 11, 1, 3
2021/9/30, 61, 29, , 9, 2, 4
2021/4/1, 90, 38, , 17, 8, 6
2021/4/2, 76, 22, , 9, 7, 5
2021/4/3, 61, 18, , 9, 6, 6
2021/4/4, 56, 26, , 10, 8, 6
2021/4/5, 62, 20, , 13, 8, 6
2021/4/6, 47, 14, , 9, 6, 6
2021/4/7, 42, 19, , 11, 6, 6
2021/4/8, 46, 22, , 12, 9, 6
2021/4/9, 56, 22, , 13, 8, 6
2021/4/10, 46, 32, , 16, 10, 7
2021/4/11, 80, 34, , 16, 12, 7
2021/4/12, 64, 14, , 8, 7, 6
2021/4/13, 47, 10, , 9, 6, 6
2021/4/14, 41, 27, , 12, 6, 6
2021/4/15, 61, 31, , 15, 6, 7
2021/4/16, 74, 26, , 10, 7, 7
2021/4/17, 75, 17, , 6, 7, 6
2021/4/18, 61, 26, , 11, 7, 7
2021/4/19, 70, 31, , 12, 7, 7
2021/4/20, 78, 30, , 15, 7, 7
2021/4/21, 72, 22, , 14, 8, 7
2021/4/22, 47, 29, , 14, 7, 6
2021/4/23, 65, 34, , 17, 7, 7
2021/4/24, 75, 30, , 14, 7, 7
2021/4/25, 69, 20, , 6, 7, 6
2021/4/26, 56, 19, , 10, 7, 6
2021/4/27, 65, 25, , 9, 8, 6
2021/4/28, 76, 19, , 10, 11, 7
2021/4/29, 50, 21, , 12, 10, 7
2021/4/30, 48, 24, , 6, 10, 6
2021/5/1, 50, 17, , 4, 9, 6
2021/5/2, 32, 16, , 10, 7, 6
2021/5/3, 40, 18, , 10, 9, 6
2021/5/4, 46, 25, , 8, 9, 6
2021/5/5, 36, 11, , 7, 8, 6
2021/5/6, 23, 15, , 9, 10, 6
2021/5/7, 30, 16, , 10, 7, 6
2021/5/8, 44, 14, , 6, 9, 6
2021/5/9, 38, 17, , 7, 10, 6
2021/5/10, 30, 20, , 4, 9, 6
2021/5/11, 35, 24, , 12, 10, 6
2021/5/12, 39, 20, , 11, 9, 6
2021/5/13, 34, 13, , 11, 9, 6
2021/5/14, 26, 16, , 10, 9, 6
2021/5/15, 42, 14, , 10, 9, 6
2021/5/16, 40, 8, , 11, 9, 6
2021/5/17, 27, 15, , 12, 9, 6
2021/5/18, 21, 18, , 16, 9, 7
2021/5/19, 47, 9, , 10, 8, 6
2021/5/20, 39, 14, , 9, 10, 6
2021/5/21, 33, 18, , 11, 12, 6
2021/5/22, 32, 15, , 8, 10, 6
2021/5/23, 26, 8, , 4, 8, 5
2021/5/24, 21, 23, , 8, 10, 6
2021/5/25, 40, 14, , 9, 8, 6
2021/5/26, 23, 17, , 11, 9, 6
2021/5/27, 29, 17, , 9, 9, 6
2021/5/28, 26, 16, , 8, 8, 6
2021/5/29, 29, 12, , 5, 8, 6
2021/5/30, 24, 9, , 10, 9, 6
2021/5/31, 31, 22, , 12, 9, 6
2021/6/1, 44, 24, , 13, 9, 6
2021/6/2, 43, 29, , 14, 8, 7
2021/6/3, 49, 24, , 13, 8, 6
2021/6/4, 44, 25, , 12, 9, 7
2021/6/5, 48, 23, , 12, 9, 7
2021/6/6, 61, 25, , 12, 9, 7
2021/6/7, 53, 32, , 16, 9, 7
2021/6/8, 54, 34, , 14, 10, 7
2021/6/9, 58, 33, , 15, 10, 7
2021/6/10, 61, 26, , 13, 10, 7
2021/6/11, 49, 19, , 8, 10, 6
2021/6/12, 44, 17, , 6, 9, 6
2021/6/13, 37, 19, , 8, 9, 6
2021/6/14, 34, 18, , 11, 9, 6
2021/6/15, 30, 24, , 13, 9, 7
2021/6/16, 42, 24, , 14, 9, 7
2021/6/17, 43, 25, , 13, 9, 7
2021/6/18, 48, 26, , 9, 9, 6
2021/6/19, 44, 19, , 11, 10, 7
2021/6/20, 40, 22, , 10, 13, 7
2021/6/21, 46, 61, , 13, 12, 7
2021/6/22, 85, 52, , 16, 11, 7
2021/6/23, 69, 62, , 14, 13, 7
2021/6/24, 85, 64, , 11, 11, 6
2021/6/25, 78, 21, , 8, 10, 6
2021/6/26, 36, 19, , 11, 10, 6
2021/6/27, 32, 17, , 9, 10, 6
2021/6/28, 32, 30, , 9, 14, 6
2021/6/29, 50, 50, , 13, 12, 6
2021/6/30, 64, 21, , 10, 10, 6
2021/1/4, 59, 33, , 10, 7, 9
2021/1/5, 97, 17, , 11, 6, 9
2021/1/6, 54, 21, , 7, 5, 8
2021/1/7, 69, 24, , 11, 4, 9
2021/1/8, 79, 45, , 12, 4, 11
2021/1/9, 130, 31, , 7, 4, 9
2021/1/10, 96, 42, , 14, 4, 11
2021/1/11, 122, 48, , 13, 4, 12
2021/1/12, 141, 32, , 14, 5, 11
2021/1/13, 99, 22, , 12, 6, 10
2021/1/14, 60, 23, , 12, 4, 10
2021/1/15, 69, 28, , 11, 4, 10
2021/1/16, 82, 24, , 9, 4, 10
2021/1/17, 79, 41, , 13, 4, 11
2021/1/18, 100, 37, , 13, 8, 11
2021/1/19, 80, 19, , 8, 12, 9
2021/1/20, 50, 27, , 14, 6, 10
2021/1/21, 53, 30, , 14, 8, 10
2021/1/22, 60, 18, , 6, 8, 9
2021/1/23, 45, 11, , 6, 7, 9
2021/1/24, 34, 21, , 10, 5, 10
2021/1/25, 49, 26, , 11, 5, 10
2021/1/26, 73, 22, , 10, 4, 11
2021/1/27, 70, 34, , 14, 7, 12
2021/1/28, 73, 29, , 16, 9, 11
2021/1/29, 68, 28, , 14, 8, 3
2021/1/30, 60, 22, , 6, 6, 3
2021/1/31, 74, 29, , 14, 5, 4
2021/2/1, 92, 50, , 14, 7, 5
2021/2/2, 138, 44, , 19, 11, 7
2021/2/3, 103, 25, , 13, 10, 3
2021/2/4, 56, 46, , 24, 9, 6
2021/2/5, 85, 55, , 23, 11, 7
2021/2/6, 120, 46, , 11, 9, 4
2021/2/7, 107, 17, , 10, 7, 3
2021/2/8, 57, 23, , 9, 7, 3
2021/2/9, 71, 21, , 9, 6, 3
2021/2/10, 66, 26, , 9, 5, 3
2021/2/11, 79, 25, , 12, 4, 3
2021/2/12, 67, 35, , 11, 4, 4
2021/2/13, 90, 34, , 8, 4, 4
2021/2/14, 92, 28, , 10, 4, 4
2021/2/15, 71, 39, , 15, 19, 5
2021/2/16, 93, 47, , 17, 10, 6
2021/2/17, 114, 39, , 16, 6, 6
2021/2/18, 80, 49, , 20, 16, 7
2021/2/19, 110, 42, , 10, 6, 5
2021/2/20, 116, 36, , 8, 6, 5
2021/2/21, 105, 69, , 25, 11, 12
2021/2/22, 146, 59, , 23, 8, 10
2021/2/23, 129, 64, , 20, 6, 8
2021/2/24, 153, 68, , 23, 8, 10
2021/2/25, 147, 80, , 30, 14, 12
2021/2/26, 156, 50, , 13, 8, 5
2021/2/27, 106, 30, , 11, 5, 4
2021/2/28, 82, 33, , 13, 5, 4
2021/3/1, 82, 43, , 20, 5, 7
2021/3/2, 98, 59, , 26, 10, 9
2021/3/3, 123, 57, , 27, 10, 8
2021/3/4, 122, 44, , 17, 8, 5
2021/3/5, 85, 25, , 11, 5, 5
2021/3/6, 69, 41, , 16, 7, 7
2021/3/7, 112, 44, , 20, 9, 7
2021/3/8, 106, 28, , 9, 6, 5
2021/3/9, 74, 32, , 10, 6, 5
2021/3/10, 78, 45, , 16, 8, 6
2021/3/11, 105, 28, , 15, 9, 5
2021/3/12, 77, 18, , 7, 8, 4
2021/3/13, 57, 12, , 7, 8, 4
2021/3/14, 41, 14, , 11, 7, 5
2021/3/15, 54, 21, , 9, 6, 4
2021/3/16, 58, 18, , 9, 6, 4
2021/3/17, 58, 21, , 12, 6, 5
2021/3/18, 67, 32, , 15, 6, 6
2021/3/19, 85, 36, , 13, 6, 6
2021/3/20, 97, 33, , 9, 6, 6
2021/3/21, 93, 25, , 12, 6, 6
2021/3/22, 76, 24, , 11, 6, 5
2021/3/23, 56, 26, , 13, 6, 6
2021/3/24, 69, 43, , 19, 6, 7
2021/3/25, 99, 44, , 22, 7, 7
2021/3/26, 96, 43, , 22, 11, 7
2021/3/27, 92, 21, , 11, 5, 6
2021/3/28, 44, 49, , 23, 7, 9
2021/3/29, 93, 53, , 25, 8, 10
2021/3/30, 102, 42, , 18, 7, 8
2021/3/31, 90, 44, , 20, 8, 8
2020/10/1, 51, 12, , 8, 7, 5
2020/10/2, 35, 20, , 4, 9, 4
2020/10/3, 41, 20, , 7, 4, 5
2020/10/4, 34, 33, , 16, 5, 6
2020/10/5, 61, 18, , 12, 3, 5
2020/10/6, 45, 23, , 12, 5, 5
2020/10/7, 48, 13, , 7, 3, 5
2020/10/8, 33, 20, , 13, 3, 6
2020/10/9, 45, 23, , 13, 4, 7
2020/10/10, 55, 32, , 8, 4, 6
2020/10/11, 86, 11, , 7, 4, 6
2020/10/12, 40, 7, , 6, 4, 6
2020/10/13, 26, 16, , 12, 7, 6
2020/10/14, 37, 15, , 10, 6, 6
2020/10/15, 46, 20, , 8, 4, 7
2020/10/16, 60, 22, , 8, 3, 7
2020/10/17, 62, 18, , 9, 3, 7
2020/10/18, 54, 25, , 11, 4, 9
2020/10/19, 66, 34, , 13, 6, 9
2020/10/20, 87, 40, , 16, 7, 10
2020/10/21, 92, 51, , 21, 7, 13
2020/10/22, 110, 56, , 24, 10, 15
2020/10/23, 123, 36, , 17, 7, 11
2020/10/24, 95, 35, , 9, 6, 9
2020/10/25, 96, 26, , 11, 7, 9
2020/10/26, 65, 27, , 11, 7, 8
2020/10/27, 69, 39, , 9, 5, 9
2020/10/28, 99, 35, , 9, 6, 8
2020/10/29, 96, 28, , 11, 3, 9
2020/10/30, 69, 18, , 7, 3, 8
2020/10/31, 54, 22, , 7, 3, 9
2020/11/1, 66, 43, , 13, 6, 11
2020/11/2, 104, 51, , 15, 4, 9
2020/11/3, 122, 30, , 7, 2, 2
2020/11/4, 88, 19, , 10, 2, 2
2020/11/5, 62, 35, , 17, 2, 4
2020/11/6, 85, 47, , 15, 3, 7
2020/11/7, 115, 48, , 10, 2, 5
2020/11/8, 125, 31, , 10, 2, 4
2020/11/9, 86, 25, , 9, 1, 3
2020/11/10, 78, 14, , 6, 3, 2
2020/11/11, 49, 43, , 12, 3, 5
2020/11/12, 112, 50, , 11, 5, 4
2020/11/13, 131, 35, , 8, 3, 2
2020/11/14, 101, 31, , 6, 4, 2
2020/11/15, 94, 48, , 14, 6, 5
2020/11/16, 124, 32, , 10, 3, 4
2020/11/17, 97, 33, , 9, 2, 3
2020/11/18, 94, 23, , 7, 3, 3
2020/11/19, 71, 26, , 11, 3, 4
2020/11/20, 78, 16, , 8, 2, 2
2020/11/21, 55, 32, , 8, 8, 4
2020/11/22, 95, 43, , 14, 7, 7
2020/11/23, 117, 46, , 10, 3, 6
2020/11/24, 130, 34, , 8, 4, 4
2020/11/25, 101, 37, , 10, 6, 5
2020/11/26, 110, 33, , 13, 3, 5
2020/11/27, 97, 19, , 10, 2, 5
2020/11/28, 66, 22, , 8, 2, 5
2020/11/29, 71, 35, , 13, 2, 6
2020/11/30, 99, 38, , 8, 5, 7
2020/12/1, 112, 24, , 7, 8, 5
2020/12/2, 75, 20, , 7, 5, 5
2020/12/3, 64, 18, , 7, 5, 5
2020/12/4, 55, 17, , 5, 5, 5
2020/12/5, 61, 13, , 3, 4, 5
2020/12/6, 46, 8, , 5, 4, 5
2020/12/7, 28, 10, , 5, 4, 5
2020/12/8, 41, 7, , 4, 3, 5
2020/12/9, 27, 23, , 9, 4, 7
2020/12/10, 69, 26, , 7, 6, 7
2020/12/11, 83, 25, , 6, 6, 7
2020/12/12, 79, 25, , 7, 4, 7
2020/12/13, 79, 26, , 14, 4, 7
2020/12/14, 77, 26, , 8, 10, 7
2020/12/15, 82, 42, , 13, 12, 8
2020/12/16, 118, 52, , 17, 5, 10
2020/12/17, 144, 29, , 11, 3, 9
2020/12/18, 89, 28, , 9, 12, 8
2020/12/19, 87, 33, , 7, 11, 8
2020/12/20, 100, 25, , 9, 5, 8
2020/12/21, 77, 51, , 17, 9, 11
2020/12/22, 130, 44, , 19, 9, 11
2020/12/23, 116, 22, , 16, 11, 8
2020/12/24, 62, 15, , 15, 5, 8
2020/12/25, 55, 23, , 9, 4, 8
2020/12/26, 69, 11, , 4, 5, 7
2020/12/27, 43, 11, , 9, 8, 7
2020/12/28, 36, 11, , 10, 6, 7
2020/12/29, 31, 17, , 16, 6, 8
2020/12/30, 56, 22, , 13, 5, 9
2020/12/31, 73, 22, , 11, 8, 9
2021/1/1, 66, 19, , 7, 6, 8
2021/1/2, 64, 14, , 6, 7, 7
2021/1/3, 54, 17, , 9, 5, 8
2020/7/1, 32, 31, , 11, 7, 2
2020/7/2, 64, 23, , 9, 6, 2
2020/7/3, 48, 18, , 8, 5, 2
2020/7/4, 47, 18, , 9, 5, 2
2020/7/5, 44, 24, , 14, 6, 3
2020/7/6, 41, 23, , 8, 5, 1
2020/7/7, 36, 16, , 10, 5, 2
2020/7/8, 34, 21, , 10, 6, 2
2020/7/9, 41, 21, , 6, 6, 2
2020/7/10, 41, 23, , 4, 10, 2
2020/7/11, 40, 10, , 5, 5, 1
2020/7/12, 23, 18, , 7, 5, 2
2020/7/13, 31, 21, , 9, 6, 3
2020/7/14, 31, 25, , 12, 6, 2
2020/7/15, 44, 32, , 15, 6, 3
2020/7/16, 55, 13, , 10, 6, 3
2020/7/17, 41, 13, , 5, 6, 2
2020/7/18, 42, 8, , 5, 6, 2
2020/7/19, 27, 16, , 10, 6, 3
2020/7/20, 43, 21, , 13, 6, 3
2020/7/21, 48, 27, , 11, 6, 3
2020/7/22, 55, 25, , 8, 6, 3
2020/7/23, 54, 23, , 6, 7, 3
2020/7/24, 56, 11, , 7, 7, 3
2020/7/25, 33, 16, , 5, 6, 3
2020/7/26, 53, 19, , 11, 6, 3
2020/7/27, 48, 21, , 10, 7, 3
2020/7/28, 41, 25, , 10, 8, 3
2020/7/29, 50, 27, , 14, 7, 4
2020/7/30, 55, 32, , 12, 7, 4
2020/7/31, 63, 22, , 8, 7, 2
2020/8/1, 37, 14, , 6, 7, 2
2020/8/2, 28, 23, , 4, 9, 2
2020/8/3, 49, 26, , 6, 16, 3
2020/8/4, 56, 15, , 8, 7, 3
2020/8/5, 49, 24, , 8, 7, 3
2020/8/6, 62, 23, , 9, 7, 3
2020/8/7, 50, 22, , 8, 7, 3
2020/8/8, 55, 28, , 7, 7, 4
2020/8/9, 68, 33, , 13, 7, 4
2020/8/10, 69, 34, , 11, 7, 4
2020/8/11, 63, 26, , 12, 7, 4
2020/8/12, 58, 24, , 11, 7, 4
2020/8/13, 49, 30, , 13, 8, 4
2020/8/14, 61, 18, , 8, 8, 4
2020/8/15, 46, 15, , 3, 7, 3
2020/8/16, 49, 17, , 3, 8, 3
2020/8/17, 52, 18, , 9, 8, 4
2020/8/18, 46, 13, , 8, 8, 4
2020/8/19, 32, 17, , 13, 8, 4
2020/8/20, 41, 24, , 13, 8, 5
2020/8/21, 53, 24, , 12, 8, 5
2020/8/22, 55, 24, , 10, 8, 5
2020/8/23, 56, 19, , 10, 8, 4
2020/8/24, 37, 14, , 10, 2, 4
2020/8/25, 34, 18, , 12, 2, 2
2020/8/26, 36, 27, , 16, 2, 3
2020/8/27, 44, 19, , 9, 2, 2
2020/8/28, 31, 19, , 9, 4, 2
2020/8/29, 42, 17, , 7, 5, 2
2020/8/30, 40, 30, , 11, 2, 2
2020/8/31, 44, 16, , 7, 2, 2
2020/9/1, 25, 14, , 10, 1, 2
2020/9/2, 25, 22, , 15, 1, 3
2020/9/3, 40, 23, , 14, 1, 3
2020/9/4, 44, 20, , 12, 2, 3
2020/9/5, 41, 25, , 14, 3, 4
2020/9/6, 52, 28, , 11, 3, 3
2020/9/7, 58, 25, , 13, 1, 3
2020/9/8, 41, 30, , 14, 2, 4
2020/9/9, 49, 35, , 17, 3, 4
2020/9/10, 58, 35, , 11, 2, 3
2020/9/11, 63, 41, , 14, 2, 4
2020/9/12, 65, 42, , 15, 3, 4
2020/9/13, 74, 42, , 15, 2, 4
2020/9/14, 72, 41, , 14, 4, 4
2020/9/15, 69, 34, , 7, 4, 3
2020/9/16, 46, 38, , 8, 3, 3
2020/9/17, 53, 50, , 10, 2, 3
2020/9/18, 47, 34, , 13, 2, 4
2020/9/19, 49, 35, , 7, 4, 4
2020/9/20, 60, 35, , 6, 2, 3
2020/9/21, 54, 35, , 9, 5, 4
2020/9/22, 61, 26, , 14, 4, 5
2020/9/23, 60, 18, , 16, 3, 5
2020/9/24, 39, 20, , 10, 7, 4
2020/9/25, 39, 11, , 8, 5, 4
2020/9/26, 27, 10, , 3, 4, 4
2020/9/27, 36, 11, , 6, 4, 4
2020/9/28, 22, 12, , 9, 3, 4
2020/9/29, 32, 13, , 7, 3, 4
2020/9/30, 42, 18, , 11, 3, 5
2020/4/1, 64, 31, , 7, 10, 8
2020/4/2, 71, 50, , 10, 10, 10
2020/4/3, 106, 48, , 6, 7, 9
2020/4/4, 92, 34, , 3, 7, 8
2020/4/5, 78, 55, , 2, 8, 8
2020/4/6, 73, 33, , 3, 8, 8
2020/4/7, 59, 38, , 11, 8, 9
2020/4/8, 71, 59, , 14, 7, 11
2020/4/9, 100, 45, , 10, 7, 9
2020/4/10, 66, 31, , 3, 7, 8
2020/4/11, 49, 28, , 4, 9, 9
2020/4/12, 59, 48, , 12, 9, 10
2020/4/13, 78, 28, , 6, 7, 9
2020/4/14, 62, 25, , 6, 7, 9
2020/4/15, 60, 31, , 11, 19, 10
2020/4/16, 60, 25, , 9, 8, 10
2020/4/17, 52, 27, , 5, 9, 9
2020/4/18, 44, 31, , 3, 8, 9
2020/4/19, 53, 15, , 1, 8, 8
2020/4/20, 30, 30, , 3, 9, 9
2020/4/21, 56, 33, , 5, 9, 9
2020/4/22, 70, 38, , 7, 8, 9
2020/4/23, 72, 46, , 10, 10, 10
2020/4/24, 77, 41, , 4, 9, 9
2020/4/25, 60, 29, , 2, 8, 9
2020/4/26, 51, 26, , 4, 8, 9
2020/4/27, 53, 28, , 8, 9, 9
2020/4/28, 44, 18, , 5, 10, 9
2020/4/29, 30, 12, , 6, 9, 9
2020/4/30, 33, 7, , 2, 9, 9
2020/5/1, 25, 7, , 3, 9, 9
2020/5/2, 28, 10, , 3, 8, 9
2020/5/3, 28, 12, , 9, 8, 9
2020/5/4, 32, 248, , 11, 12, 9
2020/5/5, 194, 11, , 6, 8, 1
2020/5/6, 37, , , 9, , 1
2020/5/9, 39, 22, , 12, 5, 2
2020/5/10, 41, 28, , 11, 9, 2
2020/5/11, 41, 23, , 10, 3, 2
2020/5/12, 39, 19, , 4, 5, 1
2020/5/13, 31, 30, , 9, 4, 2
2020/5/14, 55, 34, , 10, 4, 2
2020/5/15, 64, 24, , 7, 3, 2
2020/5/16, 64, 29, , 7, 4, 2
2020/5/17, 69, 22, , 8, 3, 2
2020/5/18, 52, 35, , 12, 6, 2
2020/5/19, 73, 27, , 9, 3, 2
2020/5/20, 69, 23, , 11, 3, 2
2020/5/21, 40, 18, , 12, 3, 2
2020/5/22, 33, 18, , 11, 3, 2
2020/5/23, 45, 13, , 6, 3, 1
2020/5/24, 36, 12, , 9, 3, 2
2020/5/25, 27, 14, , 9, 3, 2
2020/5/26, 35, 17, , 11, 3, 2
2020/5/27, 40, 18, , 10, 3, 2
2020/5/28, 49, 19, , 12, 3, 2
2020/5/29, 59, 21, , 9, 4, 2
2020/5/30, 50, 10, , 5, 4, 1
2020/5/31, 26, 16, , 8, 4, 2
2020/6/1, 46, 21, , 12, 4, 2
2020/6/2, 48, 13, , 11, 4, 2
2020/6/3, 31, 14, , 7, 6, 1
2020/6/4, 26, 22, , 6, 8, 1
2020/6/5, 30, 22, , 12, 5, 2
2020/6/6, 40, 26, , 9, 13, 2
2020/6/7, 61, 23, , 9, 5, 2
2020/6/8, 56, 16, , 9, 5, 2
2020/6/9, 44, 18, , 11, 5, 2
2020/6/10, 51, 16, , 11, 5, 2
2020/6/11, 41, 13, , 11, 5, 2
2020/6/12, 25, 14, , 10, 5, 2
2020/6/13, 29, 14, , 5, 5, 1
2020/6/14, 34, 15, , 9, 5, 2
2020/6/15, 42, 16, , 9, 5, 2
2020/6/16, 49, 19, , 8, 5, 2
2020/6/17, 59, 17, , 9, 5, 2
2020/6/18, 48, 18, , 12, 4, 2
2020/6/19, 33, 9, , 7, 5, 1
2020/6/20, 23, 6, , 4, 5, 1
2020/6/21, 22, 12, , 9, 5, 2
2020/6/22, 44, 19, , 9, 5, 2
2020/6/23, 41, 21, , 12, 5, 2
2020/6/24, 40, 23, , 10, 5, 2
2020/6/25, 49, 27, , 7, 5, 2
2020/6/26, 62, 23, , 5, 8, 1
2020/6/27, 55, 28, , 10, 6, 2
2020/6/28, 62, 33, , 13, 8, 2
2020/6/29, 64, 12, , 6, 5, 1
2020/6/30, 21, 19, , 6, 10, 2
2020/1/1, 110, 56, , 17, 4, 14
2020/1/2, 131, 66, , 10, 4, 13
2020/1/3, 145, 55, , 12, 4, 13
2020/1/4, 139, 21, , 9, 4, 9
2020/1/5, 54, 50, , 17, 4, 14
2020/1/6, 106, 66, , 16, 6, 19
2020/1/7, 150, 62, , 18, 4, 15
2020/1/8, 153, 51, , 14, 4, 12
2020/1/9, 137, 93, , 29, 13, 21
2020/1/10, 176, 58, , 15, 5, 14
2020/1/11, 134, 58, , 8, 4, 12
2020/1/12, 135, 49, , 12, 4, 11
2020/1/13, 127, 57, , 16, 4, 8
2020/1/14, 143, 72, , 14, 4, 11
2020/1/15, 157, 61, , 13, 4, 10
2020/1/16, 146, 46, , 9, 4, 6
2020/1/17, 127, 57, , 12, 4, 7
2020/1/18, 153, 38, , 9, 4, 7
2020/1/19, 109, 55, , 9, 4, 8
2020/1/20, 152, 52, , 13, 3, 7
2020/1/21, 133, 61, , 19, 8, 10
2020/1/22, 153, 50, , 16, 5, 7
2020/1/23, 122, 68, , 23, 9, 12
2020/1/24, 154, 92, , 22, 8, 15
2020/1/25, 187, 69, , 13, 6, 9
2020/1/26, 166, 51, , 8, 5, 8
2020/1/27, 144, 49, , 12, 7, 7
2020/1/28, 100, 24, , 15, 6, 5
2020/1/29, 58, 36, , 16, 6, 5
2020/1/30, 68, 32, , 17, 8, 5
2020/1/31, 57, 22, , 10, 8, 4
2020/2/1, 43, 17, , 7, 8, 4
2020/2/2, 37, 36, , 15, 6, 5
2020/2/3, 57, 19, , 11, 6, 4
2020/2/4, 42, 9, , 5, 5, 3
2020/2/5, 28, 36, , 12, 5, 4
2020/2/6, 58, 32, , 12, 5, 5
2020/2/7, 72, 26, , 10, 4, 4
2020/2/8, 59, 50, , 20, 15, 8
2020/2/9, 112, 34, , 12, 8, 5
2020/2/10, 62, 15, , 11, 6, 4
2020/2/11, 34, 25, , 14, 6, 5
2020/2/12, 41, 26, , 12, 7, 5
2020/2/13, 63, 24, , 15, 6, 6
2020/2/14, 69, 40, , 13, 5, 7
2020/2/15, 90, 53, , 16, 8, 8
2020/2/16, 127, 68, , 28, 9, 10
2020/2/17, 125, 42, , 16, 6, 7
2020/2/18, 79, 45, , 14, 6, 6
2020/2/19, 82, 35, , 14, 5, 6
2020/2/20, 75, 36, , 19, 10, 8
2020/2/21, 74, 28, , 12, 5, 5
2020/2/22, 59, 32, , 15, 11, 6
2020/2/23, 71, 36, , 14, 8, 6
2020/2/24, 59, 52, , 20, 14, 8
2020/2/25, 92, 33, , 12, 8, 6
2020/2/26, 61, 19, , 11, 6, 6
2020/2/27, 52, 14, , 10, 6, 6
2020/2/28, 40, 20, , 9, 7, 6
2020/2/29, 46, 21, , 11, 8, 6
2020/3/1, 52, 17, , 9, 7, 6
2020/3/2, 36, 17, , 13, 7, 7
2020/3/3, 58, 27, , 11, 6, 6
2020/3/4, 75, 32, , 12, 6, 7
2020/3/5, 77, 29, , 15, 7, 7
2020/3/6, 78, 26, , 12, 6, 7
2020/3/7, 73, 25, , 8, 6, 7
2020/3/8, 77, 41, , 12, 6, 8
2020/3/9, 98, 46, , 17, 6, 8
2020/3/10, 103, 50, , 22, 9, 10
2020/3/11, 84, 51, , 23, 13, 10
2020/3/12, 75, 36, , 14, 7, 7
2020/3/13, 59, 22, , 9, 6, 6
2020/3/14, 46, 15, , 4, 6, 6
2020/3/15, 44, 33, , 5, 6, 6
2020/3/16, 59, 63, , 19, 8, 9
2020/3/17, 106, 53, , 17, 7, 9
2020/3/18, 107, 57, , 18, 7, 10
2020/3/19, 114, 65, , 21, 10, 10
2020/3/20, 122, 52, , 13, 8, 9
2020/3/21, 98, 14, , 2, 6, 6
2020/3/22, 41, 21, , 5, 6, 7
2020/3/23, 59, 12, , 2, 6, 7
2020/3/24, 49, 19, , 3, 6, 7
2020/3/25, 62, 50, , 2, 7, 7
2020/3/26, 84, 176, , 5, 8, 8
2020/3/27, 177, 118, , 9, 11, 10
2020/3/28, 155, 65, , 4, 8, 8
2020/3/29, 117, 35, , 5, 7, 7
2020/3/30, 74, 24, , 4, 6, 7
2020/3/31, 44, 24, , 4, 7, 8
2019/12/15, 89, 86, , 37, 10, 19
2019/12/16, 141, 89, , 38, 11, 21
2019/12/17, 158, 93, , 35, 11, 23
2019/12/18, 164, 65, , 19, 6, 13
2019/12/19, 155, 42, , 17, 8, 9
2019/12/20, 85, 25, , 11, 8, 7
2019/12/21, 59, 15, , 8, 7, 7
2019/12/22, 44, 6, , 7, 5, 7
2019/12/23, 23, 19, , 12, 5, 8
2019/12/24, 42, 25, , 14, 5, 10
2019/12/25, 74, 18, , 12, 4, 8
2019/12/26, 57, 28, , 13, 4, 9
2019/12/27, 69, 17, , 10, 4, 8
2019/12/28, 56, 23, , 9, 3, 8
2019/12/29, 67, , , , , 
2024/12/31, , 38, , 12, 1, 8
2024/10/25, , 37, , , , 
2023/4/4, , 38, , 14, 2, 3
2023/5/20, , 19, , 5, 6, 1
2022/3/1, , 34, , 13, 2, 4
2021/12/28, , 32, , 14, 5, 15
2020/5/8, , 22, , 16, 9, 2
2019/12/31, , 41, , 10, 3, 10
2019/12/14, , 47, , 28, 11, 14
2025/12/31, , , , 9, 3, 4
2025/12/4, , , , 8, 3, 2
2025/12/20, , , , 13, 4, 4
2021/12/26, , , , 13, 5, 11
2021/12/27, , , , 10, 5, 13
2020/5/7, , , , 12, 2, 2